/*
SQLyog Ultimate v11.5 (64 bit)
MySQL - 10.1.28-MariaDB : Database - bs_151018
*********************************************************************
*/

/*!40101 SET NAMES utf8 */;

/*!40101 SET SQL_MODE=''*/;

/*!40014 SET @OLD_UNIQUE_CHECKS=@@UNIQUE_CHECKS, UNIQUE_CHECKS=0 */;
/*!40014 SET @OLD_FOREIGN_KEY_CHECKS=@@FOREIGN_KEY_CHECKS, FOREIGN_KEY_CHECKS=0 */;
/*!40101 SET @OLD_SQL_MODE=@@SQL_MODE, SQL_MODE='NO_AUTO_VALUE_ON_ZERO' */;
/*!40111 SET @OLD_SQL_NOTES=@@SQL_NOTES, SQL_NOTES=0 */;
CREATE DATABASE /*!32312 IF NOT EXISTS*/`bs_151018` /*!40100 DEFAULT CHARACTER SET utf8 */;

USE `bs_151018`;

/*Table structure for table `auth_audit` */

DROP TABLE IF EXISTS `auth_audit`;

CREATE TABLE `auth_audit` (
  `id` int(11) NOT NULL AUTO_INCREMENT,
  `session` int(11) DEFAULT NULL COMMENT 'Id of session used by user into system',
  `action` varchar(300) DEFAULT NULL COMMENT 'Description about the action excuted by user',
  `table` varchar(20) DEFAULT NULL COMMENT 'Name of table that user worked',
  `object` int(11) DEFAULT NULL COMMENT 'Id of element used by user',
  `description` varchar(300) DEFAULT NULL COMMENT 'Descripotion about the action',
  `model` text COMMENT 'Json encode data',
  `time` datetime DEFAULT NULL COMMENT 'Time when user executed the action',
  PRIMARY KEY (`id`),
  KEY `session` (`session`)
) ENGINE=InnoDB AUTO_INCREMENT=250 DEFAULT CHARSET=utf8;

/*Data for the table `auth_audit` */

insert  into `auth_audit`(`id`,`session`,`action`,`table`,`object`,`description`,`model`,`time`) values (1,17,'Update','auth_users',19,'Actualización de un usuario','{\"username\":\"hadersonbullon@hotmail.com\",\"state\":1}','2018-10-22 21:21:52'),(2,17,'Update','auth_users',19,'Actualización del usuario: hadersonbullon@hotmail.com','{\"username\":\"hadersonbullon@hotmail.com\",\"state\":1}','2018-10-22 21:26:41'),(3,17,'Create','auth_users',21,'Creación del usuario: hadersonbullon@hotmail.com','{\"username\":\"hadersonbullon@hotmail.com\",\"state\":1,\"password\":\"$2y$10$WfpgL22X3y.6DDYbHRRYRO2mbmLpkeqzSJGnvWQ5NI6\\/udGD.NKZe\"}','2018-10-22 22:22:08'),(4,17,'Create','auth_users',22,'Creación del usuario: hbullon@gruposerex.com','{\"username\":\"hbullon@gruposerex.com\",\"state\":1,\"password\":\"$2y$10$s9eEqYYth8u5uMmwj4XU8OXophsidNXv0.eQM5dTBtNpFu7U3\\/AaC\"}','2018-10-22 22:22:58'),(5,9,'Login',NULL,NULL,'Inicio de sesión fallido contraseña incorrecta: hrbullon@gmail.com','{\"username\":\"hrbullon@gmail.com\"}','2018-10-23 15:50:43'),(6,9,'Login',NULL,NULL,'Inicio de sesión fallido contraseña incorrecta: hrbullon@gmail.com22','{\"username\":\"hrbullon@gmail.com22\"}','2018-10-23 15:51:05'),(7,20,'Login','sessions',20,'Inicio de sesión satisfactorio: hrbullon@gmail.com','{\"username\":\"hrbullon@gmail.com\"}','2018-10-23 15:51:26'),(11,0,'Login',NULL,NULL,'Inicio de sesión fallido contraseña incorrecta: hrbullon@gmail.com','{\"username\":\"hrbullon@gmail.com\",\"password\":\"tes\"}','2018-10-23 16:00:57'),(12,0,'Login',NULL,NULL,'Inicio de sesión fallido contraseña incorrecta: hrbullon@gmail.com','{\"username\":\"hrbullon@gmail.com\",\"password\":\"tes\"}','2018-10-23 16:01:20'),(13,21,'Login','sessions',21,'Inicio de sesión satisfactorio: hrbullon@gmail.com','{\"username\":\"hrbullon@gmail.com\"}','2018-10-23 16:01:24'),(16,21,'Delete','users',5,NULL,'{\"user\":{\"id\":\"5\",\"profile\":null,\"username\":\"PRUEBA@MAIL.COM\",\"password\":\"\",\"state\":\"1\",\"deleted\":\"0\"},\"roles\":[{\"user\":\"5\",\"role\":\"20\",\"deleted\":\"0\"}]}','2018-10-23 17:04:09'),(17,21,'Delete','users',2,'Eliminación del usuario: ','{\"user\":{\"id\":\"2\",\"profile\":null,\"username\":\"genesis_15__@hotmail.com\",\"password\":\"tester\",\"state\":\"1\",\"deleted\":\"0\"},\"roles\":[{\"user\":\"2\",\"role\":\"1\",\"deleted\":\"0\"}]}','2018-10-23 17:04:46'),(18,21,'Delete','users',9,'Eliminación del usuario: PRUEBA@MAIL.COM','{\"user\":{\"id\":\"9\",\"profile\":null,\"username\":\"PRUEBA@MAIL.COM\",\"password\":\"\",\"state\":\"0\",\"deleted\":\"0\"},\"roles\":[]}','2018-10-23 17:13:28'),(19,21,'Delete','users',5,'Eliminación del usuario: PRUEBA@MAIL.COM','{\"user\":{\"id\":\"5\",\"profile\":null,\"username\":\"PRUEBA@MAIL.COM\",\"password\":\"\",\"state\":\"1\",\"deleted\":\"0\"},\"roles\":[{\"user\":\"5\",\"role\":\"20\",\"deleted\":\"0\"}]}','2018-10-23 17:13:37'),(20,21,'Delete','users',3,'Eliminación del usuario: user@mail.com','{\"user\":{\"id\":\"3\",\"profile\":null,\"username\":\"user@mail.com\",\"password\":\"\",\"state\":\"0\",\"deleted\":\"0\"},\"roles\":[]}','2018-10-23 17:14:06'),(21,21,'Delete','users',8,'Eliminación del usuario: genesis_15__@hotmail.com','{\"user\":{\"id\":\"8\",\"profile\":null,\"username\":\"genesis_15__@hotmail.com\",\"password\":\"\",\"state\":\"1\",\"deleted\":\"0\"},\"roles\":[]}','2018-10-23 17:14:15'),(22,21,'Delete','users',2,'Eliminación del usuario: genesis_15__@hotmail.com','{\"user\":{\"id\":\"2\",\"profile\":null,\"username\":\"genesis_15__@hotmail.com\",\"password\":\"tester\",\"state\":\"1\",\"deleted\":\"0\"},\"roles\":[{\"user\":\"2\",\"role\":\"1\",\"deleted\":\"0\"}]}','2018-10-23 17:14:21'),(24,21,'Update password','users',1,' Actualización de contraseña usuario hrbullon@gmail.com','{\"user\":{\"id\":\"1\",\"profile\":\"uploads\\/users-profile\\/4f00a833ae3d3f76fc98089dc711b1592deed4b1.jpg\",\"username\":\"hrbullon@gmail.com\",\"password\":\"$2y$10$n1LTC9YhExNVSzEA4uVTr.xvV4Wv.XUc8yAb9BaztymHJ2zfnS14S\",\"state\":\"1\",\"deleted\":\"0\"},\"roles\":[{\"user\":\"1\",\"role\":\"1\",\"deleted\":\"0\"}]}','2018-10-23 17:28:17'),(25,21,'Save settings','settings',0,' Actualización de datos de configuración','{\"social\":\"EMPRESA PRUEBA .CA\",\"fiscal\":\"J98012987000\",\"email\":\"MAIL@MAIL.COIM\",\"local_phone\":\"12980921\",\"local_mobile\":\"98842121\",\"country\":\"\",\"city\":\"\",\"address\":\"5 DE JULIO\"}','2018-10-23 18:58:25'),(26,21,'Save settings email','settings',0,' Actualización de datos de correo','{\"protocolo\":\"1\",\"outserver\":\"mail.gruposerex.com\",\"outport\":\"26\",\"out_name\":\"Haderson Bull\\u00f3n H.\",\"out_username\":\"hbullon@gruposerex.com\",\"out_password\":\"x*g=9bbGgq\"}','2018-10-23 19:02:05'),(27,21,'Update','roles',23,' Actualización del rol Tester2','{\"name\":\"Tester2\",\"state\":1}','2018-10-23 19:19:20'),(28,21,'Delete','roles',23,'Eliminación del rol Tester2','{\"id\":\"23\",\"name\":\"Tester2\",\"state\":\"1\",\"deleted\":\"0\"}','2018-10-23 20:02:09'),(29,21,'Assign permission','roles_permissions',NULL,'Asignación de permisos usuarios al rol: Supervisor','{\"role\":\"Supervisor\",\"permission\":\"usuarios\",\"action\":\"Asignar permiso usuarios\"}','2018-10-23 20:39:06'),(30,21,'Revoke permission','roles_permissions',NULL,'Remover permiso de sesiones al rol: Supervisor','{\"role\":\"Supervisor\",\"permission\":\"sesiones\",\"action\":\"Remover permiso sesiones\"}','2018-10-23 20:39:10'),(31,21,'Assign permission','roles_permissions',NULL,'Asignación de permisos usuarios eliminar al rol: Gestor','{\"role\":\"Gestor\",\"permission\":\"usuarios eliminar\",\"action\":\"Asignar permiso usuarios eliminar\"}','2018-10-23 20:40:29'),(32,21,'Assign permission','roles_permissions',NULL,'Asignación de permisos sesiones al rol: Gestor','{\"role\":\"Gestor\",\"permission\":\"sesiones\",\"action\":\"Asignar permiso sesiones\"}','2018-10-23 20:40:31'),(33,21,'Assign permission','roles_permissions',NULL,'Asignación de permisos sesiones destruir/cerrar al rol: Gestor','{\"role\":\"Gestor\",\"permission\":\"sesiones destruir\\/cerrar\",\"action\":\"Asignar permiso sesiones destruir\\/cerrar\"}','2018-10-23 20:40:31'),(34,21,'Revoke permission','roles_permissions',NULL,'Remover permiso de usuarios al rol: Gestor','{\"role\":\"Gestor\",\"permission\":\"usuarios\",\"action\":\"Remover permiso usuarios\"}','2018-10-23 20:40:32'),(35,21,'Revoke permission','roles_permissions',NULL,'Remover permiso de usuarios crear al rol: Gestor','{\"role\":\"Gestor\",\"permission\":\"usuarios crear\",\"action\":\"Remover permiso usuarios crear\"}','2018-10-23 20:40:36'),(36,21,'Update','roles',23,'Actualización del rol Tester','{\"name\":\"Tester\",\"state\":1}','2018-10-23 21:37:04'),(37,21,'Update','menu',NULL,'Actualización del menú: Menues','{\"name\":\"Menues\",\"route\":\"menuess\",\"position\":\"0\",\"parent\":\"1\",\"permission\":\"19\",\"icon\":\"\",\"state\":1,\"deleted\":0}','2018-10-23 21:37:23'),(38,21,'Update','menu',NULL,'Actualización del menú: Menues','{\"name\":\"Menues\",\"route\":\"menues\",\"position\":\"0\",\"parent\":\"1\",\"permission\":\"19\",\"icon\":\"\",\"state\":1,\"deleted\":0}','2018-10-23 21:37:52'),(39,21,'Create','menu',NULL,'Creación de un nuevo menú: test','{\"name\":\"test\",\"route\":\"test\",\"position\":\"2\",\"permission\":\"\",\"icon\":\"\",\"state\":1,\"deleted\":0}','2018-10-23 21:38:32'),(40,21,'Delete','menu',NULL,'Eliminación del menú: test','{\"id\":\"14\",\"name\":\"test\",\"parent\":null,\"position\":\"2\",\"route\":\"test\",\"permission\":\"\",\"icon\":\"\",\"state\":\"1\",\"deleted\":\"0\"}','2018-10-23 21:38:45'),(41,22,'Login','sessions',22,'Inicio de sesión satisfactorio: hrbullon@gmail.com','{\"username\":\"hrbullon@gmail.com\"}','2018-10-25 21:51:22'),(42,22,'Create','menu',NULL,'Creación de un nuevo menú: TEST','{\"name\":\"TEST\",\"route\":\"TEST\",\"position\":\"3\",\"permission\":\"1\",\"icon\":\"fa fa-apple\",\"state\":1,\"deleted\":0}','2018-10-25 22:17:29'),(43,22,'Update','menu',NULL,'Actualización del menú: TEST','{\"name\":\"TEST\",\"route\":\"users\",\"position\":\"3\",\"permission\":\"1\",\"icon\":\"fa fa-apple\",\"state\":1,\"deleted\":0}','2018-10-25 22:17:55'),(44,22,'Update','menu',NULL,'Actualización del menú: Usuarios','{\"name\":\"Usuarios\",\"route\":\"test\",\"position\":\"5\",\"parent\":\"1\",\"permission\":\"1\",\"icon\":\"\",\"state\":1,\"deleted\":0}','2018-10-25 22:18:59'),(45,22,'Create','menu',NULL,'Creación de un nuevo menú: test2','{\"name\":\"test2\",\"route\":\"roles\",\"position\":\"2\",\"parent\":\"14\",\"permission\":\"2\",\"icon\":\"fa fa-asterisk\",\"state\":0,\"deleted\":0}','2018-10-25 22:24:11'),(46,22,'Update','menu',NULL,'Actualización del menú: test2','{\"name\":\"test2\",\"route\":\"roles\",\"position\":\"2\",\"parent\":\"14\",\"permission\":\"2\",\"icon\":\"fa fa-asterisk\",\"state\":1,\"deleted\":0}','2018-10-25 22:24:42'),(47,22,'Update','menu',NULL,'Actualización del menú: test2','{\"name\":\"test2\",\"route\":\"test\",\"position\":\"2\",\"parent\":\"14\",\"permission\":\"2\",\"icon\":\"fa fa-asterisk\",\"state\":1,\"deleted\":0}','2018-10-25 22:30:03'),(48,22,'Update','menu',NULL,'Actualización del menú: test2','{\"name\":\"test2\",\"route\":\"test2\",\"position\":\"2\",\"parent\":\"14\",\"permission\":\"2\",\"icon\":\"fa fa-asterisk\",\"state\":1,\"deleted\":0}','2018-10-25 22:30:38'),(49,22,'Delete','menu',NULL,'Eliminación del menú: test2','{\"id\":\"15\",\"name\":\"test2\",\"parent\":\"14\",\"position\":\"2\",\"route\":\"test2\",\"permission\":\"2\",\"icon\":\"fa fa-asterisk\",\"state\":\"1\",\"deleted\":\"0\"}','2018-10-25 22:32:17'),(50,22,'Delete','menu',NULL,'Eliminación del menú: TEST','{\"id\":\"14\",\"name\":\"TEST\",\"parent\":null,\"position\":\"3\",\"route\":\"users\",\"permission\":\"1\",\"icon\":\"fa fa-apple\",\"state\":\"1\",\"deleted\":\"0\"}','2018-10-25 22:32:24'),(51,22,'Update','menu',NULL,'Actualización del menú: Usuarios','{\"name\":\"Usuarios\",\"route\":\"users\",\"position\":\"5\",\"parent\":\"1\",\"permission\":\"1\",\"icon\":\"\",\"state\":1,\"deleted\":0}','2018-10-25 22:32:35'),(52,23,'Login','sessions',23,'Inicio de sesión satisfactorio: hrbullon@gmail.com','{\"username\":\"hrbullon@gmail.com\"}','2018-10-26 13:37:24'),(53,24,'Login','sessions',24,'Inicio de sesión satisfactorio: hrbullon@gmail.com','{\"username\":\"hrbullon@gmail.com\"}','2018-10-26 14:06:11'),(54,25,'Login','sessions',25,'Inicio de sesión satisfactorio: hrbullon@gmail.com','{\"username\":\"hrbullon@gmail.com\"}','2018-10-26 14:21:10'),(55,26,'Login','sessions',26,'Inicio de sesión satisfactorio: hrbullon@gmail.com','{\"username\":\"hrbullon@gmail.com\"}','2018-10-26 14:21:39'),(56,27,'Login','sessions',27,'Inicio de sesión satisfactorio: hrbullon@gmail.com','{\"username\":\"hrbullon@gmail.com\"}','2018-10-26 14:22:05'),(57,28,'Login','sessions',28,'Inicio de sesión satisfactorio: hrbullon@gmail.com','{\"username\":\"hrbullon@gmail.com\"}','2018-10-26 14:22:29'),(58,28,'Create','users',23,'Creación del usuario: hadersonbullon@hotmail.com','{\"username\":\"hadersonbullon@hotmail.com\",\"state\":1,\"password\":\"$2y$10$IalqYVq71Xq9sEcUM5MnWOn2Z0Rsh3hite2jvtcQ9MDljs6R3\\/sjW\",\"roles\":[\"23\"]}','2018-10-26 14:28:26'),(59,28,'Update','menu',NULL,'Actualización del menú: Roles','{\"name\":\"Roles\",\"route\":\"roles\",\"position\":\"6\",\"parent\":\"1\",\"permission\":\"10\",\"icon\":\"\",\"state\":1,\"deleted\":0}','2018-10-26 20:57:24'),(60,29,'Login','sessions',29,'Inicio de sesión satisfactorio: hrbullon@gmail.com','{\"username\":\"hrbullon@gmail.com\"}','2018-10-26 21:23:04'),(61,30,'Login','sessions',30,'Inicio de sesión satisfactorio: hrbullon@gmail.com','{\"username\":\"hrbullon@gmail.com\"}','2018-10-26 22:29:55'),(62,31,'Login','sessions',31,'Inicio de sesión satisfactorio: hrbullon@gmail.com','{\"username\":\"hrbullon@gmail.com\"}','2018-10-26 22:49:36'),(63,32,'Login','sessions',32,'Inicio de sesión satisfactorio: hrbullon@gmail.com','{\"username\":\"hrbullon@gmail.com\"}','2018-10-29 13:21:36'),(64,32,'Update','users',1,'Actualización del usuario: hrbullon@gmail.com','{\"username\":\"hrbullon@gmail.com\",\"state\":1,\"roles\":[\"1\",\"23\"]}','2018-10-29 14:08:15'),(65,32,'Save settings company','settings',0,' Actualización de datos de la empresa','{\"social\":\"EMPRESA PRUEBA, C.A\",\"fiscal\":\"J98012987000\",\"email\":\"MAIL@MAIL.COIM\",\"local_phone\":\"12980921\",\"local_mobile\":\"98842121\",\"country\":\"\",\"city\":\"\",\"address\":\"5 DE JULIO\"}','2018-10-29 14:12:08'),(66,32,'Create','settings',0,' Actualización de datos de correo','{\"protocolo\":\"1\",\"outserver\":\"mail.gruposerex.com\",\"outport\":\"26\",\"out_name\":\"Haderson Bull\\u00f3n\",\"out_username\":\"hbullon@gruposerex.com\",\"out_password\":\"x*g=9bbGgq\"}','2018-10-29 14:12:29'),(67,32,'Update','roles',23,'Actualización del rol Tester1','{\"name\":\"Tester1\",\"state\":1}','2018-10-29 14:14:36'),(68,32,'Update','roles',23,'Actualización del rol Tester','{\"name\":\"Tester\",\"state\":1}','2018-10-29 14:14:51'),(69,32,'Assign permission','roles_permissions',NULL,'Asignación de permisos usuarios eliminar al rol: Administrador','{\"role\":\"Administrador\",\"permission\":\"usuarios eliminar\",\"action\":\"Asignar permiso usuarios eliminar\"}','2018-10-29 14:17:29'),(70,32,'Update','menu',NULL,'Actualización del menú: Configuraciones2','{\"name\":\"Configuraciones2\",\"route\":\"settings\",\"position\":\"1\",\"permission\":\"24\",\"icon\":\"fa fa-cog\",\"state\":1,\"deleted\":0}','2018-10-29 14:20:43'),(71,32,'Update','menu',NULL,'Actualización del menú: Configuraciones','{\"name\":\"Configuraciones\",\"route\":\"settings\",\"position\":\"1\",\"permission\":\"24\",\"icon\":\"fa fa-cog\",\"state\":1,\"deleted\":0}','2018-10-29 14:21:00'),(72,32,'Assign permission','roles_permissions',NULL,'Asignación de permisos sesiones al rol: Superusuario','{\"role\":\"Superusuario\",\"permission\":\"sesiones\",\"action\":\"Asignar permiso sesiones\"}','2018-10-29 14:24:37'),(73,32,'Update password','users',1,' Actualización de contraseña usuario hrbullon@gmail.com','{\"user\":{\"id\":\"1\",\"profile\":\"uploads\\/users-profile\\/4f00a833ae3d3f76fc98089dc711b1592deed4b1.jpg\",\"username\":\"hrbullon@gmail.com\",\"password\":\"$2y$10$FWL3EVeMH\\/R6Cgx9BcSSI.UsPKmOrH0L6cWwjb8FL6kqsJ19cVzeS\",\"state\":\"1\",\"deleted\":\"0\"},\"roles\":[{\"user\":\"1\",\"role\":\"1\",\"deleted\":\"0\"},{\"user\":\"1\",\"role\":\"23\",\"deleted\":\"0\"}]}','2018-10-29 14:43:05'),(74,32,'Destroy','sessions',32,'Cierre de todas las sesiones activas','','2018-10-29 15:18:51'),(75,0,'Login','sessions',NULL,'Inicio de sesión satisfactorio: ','{\"__ci_last_regenerate\":1540828094}','2018-10-29 16:48:14'),(76,33,'Login','sessions',33,'Inicio de sesión satisfactorio: hrbullon@gmail.com','{\"username\":\"hrbullon@gmail.com\"}','2018-10-29 16:49:04'),(77,33,'Logout','users',33,'Cierre de sesión','{\"__ci_last_regenerate\":1540828094,\"session_id\":33,\"username\":\"hrbullon@gmail.com\",\"profile\":\"uploads\\/users-profile\\/4f00a833ae3d3f76fc98089dc711b1592deed4b1.jpg\",\"roles\":\",\",\"user_id\":\"1\",\"expira\":1540835344}','2018-10-29 16:49:20'),(78,34,'Login','sessions',34,'Inicio de sesión satisfactorio: hrbullon@gmail.com','{\"username\":\"hrbullon@gmail.com\"}','2018-10-29 16:49:51'),(79,34,'Logout','users',34,'Cierre de sesiónhrbullon@gmail.com','{\"__ci_last_regenerate\":1540828161,\"session_id\":34,\"username\":\"hrbullon@gmail.com\",\"profile\":\"uploads\\/users-profile\\/4f00a833ae3d3f76fc98089dc711b1592deed4b1.jpg\",\"roles\":\",\",\"user_id\":\"1\",\"expira\":1540835391}','2018-10-29 16:49:56'),(80,35,'Login','sessions',35,'Inicio de sesión satisfactorio: hrbullon@gmail.com','{\"username\":\"hrbullon@gmail.com\"}','2018-10-29 16:50:47'),(81,35,'Create','menu',NULL,'Creación de un nuevo menú: Auditoria','{\"name\":\"Auditoria\",\"route\":\"audit\",\"position\":\"6\",\"permission\":\"25\",\"icon\":\"\",\"state\":1,\"deleted\":0}','2018-10-29 18:29:57'),(82,35,'Update','menu',NULL,'Actualización del menú: Auditoria','{\"name\":\"Auditoria\",\"route\":\"audit\",\"position\":\"6\",\"parent\":\"1\",\"permission\":\"25\",\"icon\":\"\",\"state\":1,\"deleted\":0}','2018-10-29 18:30:30'),(83,35,'Assign permission','roles_permissions',NULL,'Asignación de permisos auditoria al rol: Superusuario','{\"role\":\"Superusuario\",\"permission\":\"auditoria\",\"action\":\"Asignar permiso auditoria\"}','2018-10-29 18:31:08'),(84,35,'Logout','users',35,'Cierre de sesión: hrbullon@gmail.com','{\"__ci_last_regenerate\":1540839970,\"session_id\":35,\"username\":\"hrbullon@gmail.com\",\"profile\":\"uploads\\/users-profile\\/4f00a833ae3d3f76fc98089dc711b1592deed4b1.jpg\",\"roles\":\",\",\"user_id\":\"1\",\"expira\":1540835447}','2018-10-29 20:06:10'),(85,36,'Login','sessions',36,'Inicio de sesión satisfactorio: hadersonbullon@hotmail.com','{\"username\":\"hadersonbullon@hotmail.com\"}','2018-10-29 20:06:18'),(86,36,'Logout','users',36,'Cierre de sesión: hadersonbullon@hotmail.com','{\"__ci_last_regenerate\":1540839971,\"session_id\":36,\"username\":\"hadersonbullon@hotmail.com\",\"profile\":\"uploads\\/users-profile\\/user-icon.png\",\"roles\":\"\",\"user_id\":\"23\",\"expira\":1540847177}','2018-10-29 20:06:56'),(87,37,'Login','sessions',37,'Inicio de sesión satisfactorio: hrbullon@gmail.com','{\"username\":\"hrbullon@gmail.com\"}','2018-10-29 20:07:02'),(88,38,'Login','sessions',38,'Inicio de sesión satisfactorio: hrbullon@gmail.com','{\"username\":\"hrbullon@gmail.com\"}','2018-10-30 13:39:08'),(89,39,'Login','sessions',39,'Inicio de sesión satisfactorio: hrbullon@gmail.com','{\"username\":\"hrbullon@gmail.com\"}','2018-10-30 20:23:33'),(90,40,'Login','sessions',40,'Inicio de sesión satisfactorio: hrbullon@gmail.com','{\"username\":\"hrbullon@gmail.com\"}','2018-10-31 14:45:55'),(91,40,'Update','users',23,'Actualización del usuario: hadersonbullon@hotmail.com','{\"username\":\"hadersonbullon@hotmail.com\",\"state\":1,\"roles\":[\"4\",\"23\"]}','2018-10-31 14:49:28'),(92,40,'Update','users',23,'Actualización del usuario: hadersonbullon@hotmail.com','{\"username\":\"hadersonbullon@hotmail.com\",\"state\":1,\"roles\":[\"23\"]}','2018-10-31 14:54:04'),(93,40,'Update','users',1,'Actualización del usuario: hrbullon@gmail.com','{\"username\":\"hrbullon@gmail.com\",\"state\":1,\"roles\":[\"1\"]}','2018-10-31 14:54:24'),(94,40,'Create','roles',0,' Creación de un nuevo rol Tester2','{\"name\":\"Tester2\",\"state\":1}','2018-10-31 14:59:12'),(95,40,'Create','roles',0,' Creación de un nuevo rol Tester2','{\"name\":\"Tester2\",\"state\":1}','2018-10-31 14:59:42'),(96,40,'Update','roles',23,'Actualización del rol Tester2','{\"name\":\"Tester2\",\"state\":1}','2018-10-31 15:00:47'),(97,40,'Update','roles',23,'Actualización del rol Tester','{\"name\":\"Tester\",\"state\":1}','2018-10-31 15:02:19'),(98,40,'Create','menu',NULL,'Creación de un nuevo menú: Auditoria2','{\"name\":\"Auditoria2\",\"route\":\"audit\",\"position\":\"6\",\"parent\":\"1\",\"permission\":\"25\",\"icon\":\"\",\"state\":1,\"deleted\":0}','2018-10-31 15:06:02'),(99,40,'Create','menu',NULL,'Creación de un nuevo menú: Auditoria2','{\"name\":\"Auditoria2\",\"route\":\"audit\",\"position\":\"6\",\"parent\":\"1\",\"permission\":\"25\",\"icon\":\"\",\"state\":1,\"deleted\":0}','2018-10-31 15:07:07'),(100,40,'Create','menu',NULL,'Creación de un nuevo menú: Auditoria2','{\"name\":\"Auditoria2\",\"route\":\"audit\",\"position\":\"6\",\"parent\":\"1\",\"permission\":\"25\",\"icon\":\"\",\"state\":1,\"deleted\":0}','2018-10-31 15:07:18'),(101,40,'Update','menu',NULL,'Actualización del menú: Auditoria2','{\"name\":\"Auditoria2\",\"route\":\"audit\",\"position\":\"6\",\"parent\":\"1\",\"permission\":\"25\",\"icon\":\"\",\"state\":1,\"deleted\":0}','2018-10-31 15:07:55'),(102,40,'Update','menu',NULL,'Actualización del menú: Auditoria','{\"name\":\"Auditoria\",\"route\":\"audit\",\"position\":\"6\",\"parent\":\"1\",\"permission\":\"25\",\"icon\":\"\",\"state\":1,\"deleted\":0}','2018-10-31 15:08:06'),(103,40,'Destroy','sessions',40,'Cierre de todas las sesiones activas','','2018-10-31 15:17:27'),(104,41,'Login','sessions',41,'Inicio de sesión satisfactorio: hrbullon@gmail.com','{\"username\":\"hrbullon@gmail.com\"}','2018-10-31 15:19:27'),(105,40,'Destroy','sessions',40,'Cierre de todas las sesiones activas','','2018-10-31 15:21:55'),(106,40,'Logout','users',40,'Cierre de sesión: hrbullon@gmail.com','{\"__ci_last_regenerate\":1540997374,\"session_id\":40,\"username\":\"hrbullon@gmail.com\",\"profile\":\"uploads\\/users-profile\\/4f00a833ae3d3f76fc98089dc711b1592deed4b1.jpg\",\"roles\":\",\",\"user_id\":\"1\",\"expira\":1541000755}','2018-10-31 15:49:55'),(107,41,'Logout','users',41,'Cierre de sesión: hrbullon@gmail.com','{\"__ci_last_regenerate\":1541000124,\"session_id\":41,\"username\":\"hrbullon@gmail.com\",\"profile\":\"uploads\\/users-profile\\/4f00a833ae3d3f76fc98089dc711b1592deed4b1.jpg\",\"roles\":\"\",\"user_id\":\"1\",\"expira\":1541002767}','2018-10-31 16:36:06'),(108,42,'Login','sessions',42,'Inicio de sesión satisfactorio: hrbullon@gmail.com','{\"username\":\"hrbullon@gmail.com\"}','2018-10-31 16:44:18'),(109,43,'Login','sessions',43,'Inicio de sesión satisfactorio: hrbullon@gmail.com','{\"username\":\"hrbullon@gmail.com\"}','2018-10-31 16:44:57'),(110,42,'Destroy','sessions',42,'Cierre de todas las sesiones activas','','2018-10-31 16:46:39'),(111,44,'Login','sessions',44,'Inicio de sesión satisfactorio: hrbullon@gmail.com','{\"username\":\"hrbullon@gmail.com\"}','2018-10-31 16:47:02'),(112,42,'Destroy','sessions',42,'Cierre de todas las sesiones activas','','2018-10-31 16:47:28'),(113,45,'Login','sessions',45,'Inicio de sesión satisfactorio: hrbullon@gmail.com','{\"username\":\"hrbullon@gmail.com\"}','2018-10-31 16:48:13'),(114,42,'Destroy','sessions',42,'Cierre de todas las sesiones activas','','2018-10-31 16:48:26'),(115,46,'Login','sessions',46,'Inicio de sesión satisfactorio: hrbullon@gmail.com','{\"username\":\"hrbullon@gmail.com\"}','2018-10-31 16:48:42'),(116,42,'Destroy','sessions',42,'Cierre de todas las sesiones activas','','2018-10-31 16:49:06'),(117,47,'Login','sessions',47,'Inicio de sesión satisfactorio: hrbullon@gmail.com','{\"username\":\"hrbullon@gmail.com\"}','2018-10-31 16:51:55'),(118,42,'Destroy','sessions',42,'Cierre de todas las sesiones activas','','2018-10-31 16:52:11'),(119,48,'Login','sessions',48,'Inicio de sesión satisfactorio: hrbullon@gmail.com','{\"username\":\"hrbullon@gmail.com\"}','2018-10-31 16:52:26'),(120,42,'Destroy','sessions',42,'Cierre de todas las sesiones activas','','2018-10-31 16:52:46'),(121,49,'Login','sessions',49,'Inicio de sesión satisfactorio: hrbullon@gmail.com','{\"username\":\"hrbullon@gmail.com\"}','2018-10-31 18:30:35'),(122,42,'Destroy','sessions',42,'Cierre de todas las sesiones activas','','2018-10-31 18:33:03'),(123,50,'Login','sessions',50,'Inicio de sesión satisfactorio: hrbullon@gmail.com','{\"username\":\"hrbullon@gmail.com\"}','2018-10-31 18:33:58'),(124,42,'Destroy','sessions',42,'Cierre de todas las sesiones activas','','2018-10-31 18:35:45'),(125,51,'Login','sessions',51,'Inicio de sesión satisfactorio: hrbullon@gmail.com','{\"username\":\"hrbullon@gmail.com\"}','2018-10-31 18:38:07'),(126,42,'Destroy','sessions',42,'Cierre de todas las sesiones activas','','2018-10-31 18:38:17'),(127,52,'Login','sessions',52,'Inicio de sesión satisfactorio: hrbullon@gmail.com','{\"username\":\"hrbullon@gmail.com\"}','2018-10-31 18:40:54'),(128,42,'Destroy','sessions',42,'Cierre de todas las sesiones activas','','2018-10-31 18:41:11'),(129,42,'Create','users',24,'Creación del usuario: hrbullon@gmail.com','{\"username\":\"hrbullon@gmail.com\",\"state\":1,\"password\":\"$2y$10$j3r4OJb8YIXZNOg2iV0GA.yyxD3gjyWR04JK5RabCJHgTeeQ9uB3q\",\"roles\":[\"4\"]}','2018-10-31 19:43:40'),(130,42,'Save settings company','settings',0,' Actualización de datos de la empresa','{\"social\":\"EMPRESA PRUEBA, C.A\",\"fiscal\":\"J98012987000\",\"email\":\"MAIL@MAIL.COIM\",\"local_phone\":\"12980921\",\"local_mobile\":\"98842121\",\"country\":\"\",\"city\":\"\",\"address\":\"5 DE JULIO\"}','2018-10-31 20:48:06'),(131,42,'Save settings company','settings',0,' Actualización de datos de la empresa','{\"social\":\"EMPRESA PRUEBA, C.A\",\"fiscal\":\"J98012987000\",\"email\":\"MAIL@MAIL.COIM\",\"local_phone\":\"12980921\",\"local_mobile\":\"98842121\",\"country\":\"\",\"city\":\"\",\"address\":\"5 DE JULIO\"}','2018-10-31 20:48:38'),(132,42,'Save settings company','settings',0,' Actualización de datos de la empresa','{\"social\":\"EMPRESA PRUEBA, C.A\",\"fiscal\":\"J98012987000\",\"email\":\"MAIL@MAIL.COIM\",\"local_phone\":\"12980921\",\"local_mobile\":\"98842121\",\"country\":\"\",\"city\":\"\",\"address\":\"5 DE JULIO\"}','2018-10-31 20:49:06'),(133,42,'Save settings company','settings',0,' Actualización de datos de la empresa','{\"social\":\"EMPRESA PRUEBA, C.A\",\"fiscal\":\"J98012987000\",\"email\":\"MAIL@MAIL.COIM\",\"local_phone\":\"12980921\",\"local_mobile\":\"98842121\",\"country\":\"\",\"city\":\"\",\"address\":\"5 DE JULIO\"}','2018-10-31 20:49:29'),(134,42,'Logout','users',42,'Cierre de sesión: hrbullon@gmail.com','{\"__ci_last_regenerate\":1541016115,\"session_id\":42,\"username\":\"hrbullon@gmail.com\",\"profile\":\"uploads\\/users-profile\\/4f00a833ae3d3f76fc98089dc711b1592deed4b1.jpg\",\"roles\":\"\",\"user_id\":\"1\",\"expira\":1541007858}','2018-10-31 21:01:56'),(135,53,'Login','sessions',53,'Inicio de sesión satisfactorio: hrbullon@gmail.com','{\"username\":\"hrbullon@gmail.com\"}','2018-10-31 21:02:00'),(136,53,'Logout','users',53,'Cierre de sesión: hrbullon@gmail.com','{\"__ci_last_regenerate\":1541016116,\"session_id\":53,\"theme\":\"default\",\"username\":\"hrbullon@gmail.com\",\"profile\":\"uploads\\/users-profile\\/4f00a833ae3d3f76fc98089dc711b1592deed4b1.jpg\",\"roles\":\"\",\"user_id\":\"1\",\"expira\":1541023320}','2018-10-31 21:02:07'),(137,54,'Login','sessions',54,'Inicio de sesión satisfactorio: hrbullon@gmail.com','{\"username\":\"hrbullon@gmail.com\"}','2018-10-31 21:02:20'),(138,54,'Logout','users',54,'Cierre de sesión: hrbullon@gmail.com','{\"__ci_last_regenerate\":1541018807,\"session_id\":54,\"theme\":\"blue\",\"username\":\"hrbullon@gmail.com\",\"profile\":\"uploads\\/users-profile\\/4f00a833ae3d3f76fc98089dc711b1592deed4b1.jpg\",\"roles\":\"\",\"user_id\":\"1\",\"expira\":1541023340}','2018-10-31 21:48:28'),(139,55,'Login','sessions',55,'Inicio de sesión satisfactorio: hrbullon@gmail.com','{\"username\":\"hrbullon@gmail.com\"}','2018-10-31 21:48:33'),(140,56,'Login','sessions',56,'Inicio de sesión satisfactorio: hrbullon@gmail.com','{\"username\":\"hrbullon@gmail.com\"}','2018-11-01 14:28:58'),(141,56,'Logout','users',56,'Cierre de sesión: hrbullon@gmail.com','{\"__ci_last_regenerate\":1541093743,\"session_id\":56,\"theme\":\"blue\",\"username\":\"hrbullon@gmail.com\",\"profile\":\"uploads\\/users-profile\\/4f00a833ae3d3f76fc98089dc711b1592deed4b1.jpg\",\"roles\":\"\",\"user_id\":\"1\",\"expira\":1541086138}','2018-11-01 18:35:43'),(142,57,'Login','sessions',57,'Inicio de sesión satisfactorio: hrbullon@gmail.com','{\"username\":\"hrbullon@gmail.com\"}','2018-11-01 18:35:49'),(143,57,'Logout','users',57,'Cierre de sesión: hrbullon@gmail.com','{\"__ci_last_regenerate\":1541094941,\"session_id\":57,\"theme\":\"blue\",\"style_header\":\"navbar-inverse\",\"username\":\"hrbullon@gmail.com\",\"profile\":\"uploads\\/users-profile\\/4f00a833ae3d3f76fc98089dc711b1592deed4b1.jpg\",\"roles\":\"\",\"user_id\":\"1\",\"expira\":1541100949}','2018-11-01 18:56:27'),(144,58,'Login','sessions',58,'Inicio de sesión satisfactorio: hadersonbullon@hotmail.com','{\"username\":\"hadersonbullon@hotmail.com\"}','2018-11-01 18:56:31'),(145,58,'Logout','users',58,'Cierre de sesión: hadersonbullon@hotmail.com','{\"__ci_last_regenerate\":1541094987,\"session_id\":58,\"theme\":\"purple\",\"style_header\":\"navbar-inverse\",\"username\":\"hadersonbullon@hotmail.com\",\"profile\":\"uploads\\/users-profile\\/user-icon.png\",\"roles\":\"\",\"user_id\":\"23\",\"expira\":1541102191}','2018-11-01 18:56:55'),(146,59,'Login','sessions',59,'Inicio de sesión satisfactorio: hadersonbullon@hotmail.com','{\"username\":\"hadersonbullon@hotmail.com\"}','2018-11-01 18:57:00'),(147,59,'Logout','users',59,'Cierre de sesión: hadersonbullon@hotmail.com','{\"__ci_last_regenerate\":1541095015,\"session_id\":59,\"theme\":\"default\",\"style_header\":\"navbar-inverse\",\"username\":\"hadersonbullon@hotmail.com\",\"profile\":\"uploads\\/users-profile\\/user-icon.png\",\"roles\":\"\",\"user_id\":\"23\",\"expira\":1541102220}','2018-11-01 18:57:24'),(148,60,'Login','sessions',60,'Inicio de sesión satisfactorio: hrbullon@gmail.com','{\"username\":\"hrbullon@gmail.com\"}','2018-11-01 18:57:31'),(149,60,'Logout','users',60,'Cierre de sesión: hrbullon@gmail.com','{\"__ci_last_regenerate\":1541096102,\"session_id\":60,\"theme\":\"orange\",\"style_header\":\"navbar-default\",\"username\":\"hrbullon@gmail.com\",\"profile\":\"uploads\\/users-profile\\/4f00a833ae3d3f76fc98089dc711b1592deed4b1.jpg\",\"roles\":\"\",\"user_id\":\"1\",\"expira\":1541102250}','2018-11-01 19:15:02'),(150,61,'Login','sessions',61,'Inicio de sesión satisfactorio: hrbullon@gmail.com','{\"username\":\"hrbullon@gmail.com\"}','2018-11-01 19:15:06'),(151,61,'Actualizar imagen de perfil','users',61,'Formato de archivo inválido: user-10.jpg','{\"file\":\"user-10.jpg\",\"extension\":\"jpg\"}','2018-11-01 20:08:30'),(152,61,'Actualizar imagen de perfil','users',61,'Formato de archivo inválido: user-10.jpg','{\"file\":\"user-10.jpg\",\"extension\":\"jpg\"}','2018-11-01 20:13:27'),(153,61,'Logout','users',61,'Cierre de sesión: hrbullon@gmail.com','{\"__ci_last_regenerate\":1541099607,\"session_id\":61,\"theme\":\"orange\",\"style_header\":\"navbar-default\",\"username\":\"hrbullon@gmail.com\",\"profile\":\"uploads\\/users-profile\\/4f00a833ae3d3f76fc98089dc711b1592deed4b1.jpg\",\"roles\":\"\",\"user_id\":\"1\",\"expira\":1541103306}','2018-11-01 20:14:07'),(154,62,'Login','sessions',62,'Inicio de sesión satisfactorio: hrbullon@gmail.com','{\"username\":\"hrbullon@gmail.com\"}','2018-11-01 20:14:12'),(155,62,'Actualizar imagen de perfil','users',62,'Formato de archivo inválido: user-10.jpg','{\"file\":\"user-10.jpg\",\"extension\":\"jpg\"}','2018-11-01 20:19:30'),(156,62,'Actualizar imagen de perfil','users',62,'Formato de archivo inválido: user-10.jpg','{\"file\":\"user-10.jpg\",\"extension\":\"jpg\"}','2018-11-01 20:20:53'),(157,62,'Actualizar imagen de perfil','users',62,'Formato de archivo inválido: user-10.jpg','{\"file\":\"user-10.jpg\",\"extension\":\"jpg\"}','2018-11-01 20:22:47'),(158,62,'Actualizar imagen de perfil','users',62,'Formato de archivo inválido: user-10.jpg','{\"file\":\"user-10.jpg\",\"extension\":\"jpg\"}','2018-11-01 20:23:39'),(159,62,'Logout','users',62,'Cierre de sesión: hrbullon@gmail.com','{\"__ci_last_regenerate\":1541100207,\"session_id\":62,\"theme\":\"orange\",\"style_header\":\"navbar-default\",\"username\":\"hrbullon@gmail.com\",\"profile\":\"uploads\\/users-profile\\/e5b5ab6333c7a4e63ebf6a0047971f14.jpg\",\"roles\":\"\",\"user_id\":\"1\",\"expira\":1541106852}','2018-11-01 20:24:06'),(160,63,'Login','sessions',63,'Inicio de sesión satisfactorio: hrbullon@gmail.com','{\"username\":\"hrbullon@gmail.com\"}','2018-11-01 20:25:14'),(161,63,'Logout','users',63,'Cierre de sesión: hrbullon@gmail.com','{\"__ci_last_regenerate\":1541100247,\"session_id\":63,\"theme\":\"orange\",\"style_header\":\"navbar-default\",\"username\":\"hrbullon@gmail.com\",\"profile\":\"uploads\\/users-profile\\/e5b5ab6333c7a4e63ebf6a0047971f14.jpg\",\"roles\":\"\",\"user_id\":\"1\",\"expira\":1541107514}','2018-11-01 20:25:22'),(162,6,'Login',NULL,NULL,'Inicio de sesión fallido contraseña incorrecta: hrbullon@gmail.com','{\"username\":\"hrbullon@gmail.com\",\"password\":\"dasda\"}','2018-11-01 20:25:27'),(163,64,'Login','sessions',64,'Inicio de sesión satisfactorio: hrbullon@gmail.com','{\"username\":\"hrbullon@gmail.com\"}','2018-11-01 20:25:31'),(164,64,'Create','menu',NULL,'Creación de un nuevo menú: Tablero','{\"name\":\"Tablero\",\"route\":\"dashboard\",\"position\":\"1\",\"permission\":\"24\",\"icon\":\"fa fa-dashboard\",\"state\":1,\"deleted\":0}','2018-11-01 20:38:04'),(165,64,'Assign permission','roles_permissions',NULL,'Asignación de permisos tablero al rol: Superusuario','{\"role\":\"Superusuario\",\"permission\":\"tablero\",\"action\":\"Asignar permiso tablero\"}','2018-11-01 20:39:01'),(166,64,'Update','menu',NULL,'Actualización del menú: Configuraciones','{\"name\":\"Configuraciones\",\"route\":\"settings\",\"position\":\"2\",\"permission\":\"24\",\"icon\":\"fa fa-cog\",\"state\":1,\"deleted\":0}','2018-11-01 20:39:57'),(167,64,'Update','menu',NULL,'Actualización del menú: Control de acceso','{\"name\":\"Control de acceso\",\"route\":\"\",\"position\":\"3\",\"permission\":\"\",\"icon\":\"fa fa-get-pocket\",\"state\":1,\"deleted\":0}','2018-11-01 20:40:30'),(168,65,'Login','sessions',65,'Inicio de sesión satisfactorio: hrbullon@gmail.com','{\"username\":\"hrbullon@gmail.com\"}','2018-11-02 13:11:05'),(169,65,'Logout','users',65,'Cierre de sesión: hrbullon@gmail.com','{\"__ci_last_regenerate\":1541162852,\"session_id\":65,\"theme\":\"orange\",\"style_header\":\"navbar-default\",\"username\":\"hrbullon@gmail.com\",\"profile\":\"uploads\\/users-profile\\/e5b5ab6333c7a4e63ebf6a0047971f14.jpg\",\"roles\":\"\",\"user_id\":\"1\",\"expira\":1541167864}','2018-11-02 13:51:58'),(170,66,'Login','sessions',66,'Inicio de sesión satisfactorio: hrbullon@gmail.com','{\"username\":\"hrbullon@gmail.com\"}','2018-11-02 13:52:07'),(171,66,'Create','menu',NULL,'Creación de un nuevo menú: Mantenedores','{\"name\":\"Mantenedores\",\"route\":\"\",\"position\":\"4\",\"permission\":\"26\",\"icon\":\"fa fa-columns\",\"state\":1,\"deleted\":0}','2018-11-02 15:51:11'),(172,66,'Create','menu',NULL,'Creación de un nuevo menú: Mantenedores','{\"name\":\"Mantenedores\",\"route\":\"\",\"position\":\"4\",\"permission\":\"\",\"icon\":\"\",\"state\":0,\"deleted\":0}','2018-11-02 15:52:30'),(173,66,'Update','menu',NULL,'Actualización del menú: Mantenedores','{\"name\":\"Mantenedores\",\"route\":\"\",\"position\":\"4\",\"permission\":\"\",\"icon\":\"fa fa-columns\",\"state\":1,\"deleted\":0}','2018-11-02 15:53:42'),(174,66,'Create','menu',NULL,'Creación de un nuevo menú: Empresas','{\"name\":\"Empresas\",\"route\":\"companies\",\"position\":\"1\",\"parent\":\"19\",\"permission\":\"27\",\"icon\":\"fa fa-navicon\",\"state\":1,\"deleted\":0}','2018-11-02 15:58:42'),(175,66,'Revoke permission','roles_permissions',NULL,'Remover permiso de empresas al rol: Superusuario','{\"role\":\"Superusuario\",\"permission\":\"empresas\",\"action\":\"Remover permiso empresas\"}','2018-11-02 15:58:58'),(176,66,'Assign permission','roles_permissions',NULL,'Asignación de permisos empresas al rol: Superusuario','{\"role\":\"Superusuario\",\"permission\":\"empresas\",\"action\":\"Asignar permiso empresas\"}','2018-11-02 15:59:00'),(177,66,'Update','menu',NULL,'Actualización del menú: Configuraciones','{\"name\":\"Configuraciones\",\"route\":\"settings\",\"position\":\"2\",\"permission\":\"24\",\"icon\":\"fa fa-cog\",\"state\":0,\"deleted\":0}','2018-11-02 17:24:00'),(178,66,'Update','menu',NULL,'Actualización del menú: Configuraciones','{\"name\":\"Configuraciones\",\"route\":\"companies\\/settings\",\"position\":\"2\",\"permission\":\"29\",\"icon\":\"fa fa-cog\",\"state\":0,\"deleted\":0}','2018-11-02 17:33:33'),(179,66,'Update','menu',NULL,'Actualización del menú: Configuraciones','{\"name\":\"Configuraciones\",\"route\":\"companies\\/settings\",\"position\":\"2\",\"permission\":\"29\",\"icon\":\"fa fa-cog\",\"state\":1,\"deleted\":0}','2018-11-02 17:33:50'),(180,66,NULL,NULL,NULL,NULL,'{\"social\":\"EMPRESA PRUEBA .CA\",\"fiscal\":\"J98012987000\",\"email\":\"MAIL@MAIL.COIM\",\"local_phone\":\"04246921446\",\"local_mobile\":\"04246921446\",\"country\":\"\",\"city\":\"maracaibo\",\"address\":\"65-07 b\\/guacaipuro\"}',NULL),(181,66,NULL,NULL,NULL,NULL,'{\"social\":\"EMPRESA PRUEBA .CA\",\"fiscal\":\"J980129870111\",\"email\":\"MAIL@MAIL.COIM\",\"local_phone\":\"04246921446\",\"local_mobile\":\"04246921446\",\"country\":\"\",\"city\":\"maracaibo\",\"address\":\"65-07 b\\/guacaipuro\"}',NULL),(182,66,'Update','companies',1,'Actualización de la empresa:  ','{\"social\":\"EMPRESA PRUEBA .CA\",\"fiscal\":\"J98012987111\",\"email\":\"MAIL@MAIL.COIM\",\"local_phone\":\"04246921446\",\"local_mobile\":\"04246921446\",\"country\":\"\",\"city\":\"maracaibo\",\"address\":\"65-07 b\\/guacaipuro\"}','2018-11-02 19:11:52'),(183,66,'Update','companies',1,'Actualización de la empresa:  EMPRESA PRUEBA .CA','{\"social\":\"EMPRESA PRUEBA .CA\",\"fiscal\":\"J98012987111\",\"email\":\"MAIL@MAIL.COIM\",\"local_phone\":\"04246921446\",\"local_mobile\":\"04246921446\",\"country\":\"\",\"city\":\"maracaibo\",\"address\":\"65-07 b\\/guacaipuro\"}','2018-11-02 19:12:39'),(184,66,'Create','settings',0,' Actualización de datos de correo','{\"protocolo\":\"1\",\"outserver\":\"mail.gruposerex.com\",\"outport\":\"25\",\"out_name\":\"Haderson Bull\\u00f3n\",\"out_username\":\"hbullon@gruposerex.com\",\"out_password\":\"x*g=9bbGgq\"}','2018-11-02 19:18:50'),(185,66,'Update','companies',1,'Actualización de la empresa:  EMPRESA PRUEBA .CA','{\"social\":\"EMPRESA PRUEBA .CA\",\"fiscal\":\"J9801298710\",\"email\":\"MAIL@MAIL.COIM\",\"local_phone\":\"04246921446\",\"local_mobile\":\"04246921446\",\"country\":\"\",\"city\":\"maracaibo\",\"address\":\"65-07 b\\/guacaipuro\"}','2018-11-02 19:19:28'),(186,66,'Update logo company','settings',1,'Actualzición de logo de la empresa','{\"file\":\"user-12.jpg\",\"extension\":\"jpg\"}','2018-11-02 19:43:51'),(187,66,'Update logo company','settings',1,'Actualzición de logo de la empresa','{\"file\":\"Logo_default.png\",\"extension\":\"png\"}','2018-11-02 19:45:51'),(188,66,NULL,NULL,NULL,NULL,'{\"protocolo\":\"1\",\"outserver\":\"mail.gruposerex.com\",\"outport\":\"26\",\"out_name\":\"Haderson Bull\\u00f3n\",\"out_username\":\"hbullon@gruposerex.com\",\"out_password\":\"x*g=9bbGgq\"}',NULL),(189,66,'Update','companies',1,'Actualización de la empresa:  EMPRESA PRUEBA .CA','{\"social\":\"EMPRESA PRUEBA .CA\",\"fiscal\":\"J9801298710\",\"email\":\"MAIL@MAIL.COIM\",\"local_phone\":\"04246921446\",\"local_mobile\":\"04246921446\",\"country\":\"\",\"city\":\"maracaibo\",\"address\":\"65-07 b\\/guacaipuro\",\"state\":\"on\"}','2018-11-02 19:56:00'),(190,66,'Update','companies',1,'Actualización de la empresa:  EMPRESA PRUEBA .CA','{\"social\":\"EMPRESA PRUEBA .CA\",\"fiscal\":\"J9801298710\",\"email\":\"MAIL@MAIL.COIM\",\"local_phone\":\"04246921446\",\"local_mobile\":\"04246921446\",\"country\":\"\",\"city\":\"maracaibo\",\"address\":\"65-07 b\\/guacaipuro\",\"state\":1}','2018-11-02 19:56:54'),(191,66,'Update','menu',NULL,'Actualización del menú: Configuraciones','{\"name\":\"Configuraciones\",\"route\":\"companies\\/settings\",\"position\":\"2\",\"permission\":\"24\",\"icon\":\"fa fa-cog\",\"state\":1,\"deleted\":0}','2018-11-02 20:00:26'),(192,66,'Update','menu',NULL,'Actualización del menú: Configuraciones','{\"name\":\"Configuraciones\",\"route\":\"settings\",\"position\":\"2\",\"permission\":\"24\",\"icon\":\"fa fa-cog\",\"state\":1,\"deleted\":0}','2018-11-02 20:01:27'),(193,66,'Logout','users',66,'Cierre de sesión: hrbullon@gmail.com','{\"__ci_last_regenerate\":1541186276,\"session_id\":66,\"theme\":\"purple\",\"style_header\":\"navbar-inverse\",\"username\":\"hrbullon@gmail.com\",\"profile\":\"uploads\\/users-profile\\/e5b5ab6333c7a4e63ebf6a0047971f14.jpg\",\"roles\":\"\",\"user_id\":\"1\",\"expira\":1541170327}','2018-11-02 20:17:56'),(194,67,'Login','sessions',67,'Inicio de sesión satisfactorio: hrbullon@gmail.com','{\"username\":\"hrbullon@gmail.com\"}','2018-11-02 20:18:34'),(195,67,'Update','menu',NULL,'Actualización del menú: Empresas','{\"name\":\"Empresas\",\"route\":\"companies\",\"position\":\"1\",\"parent\":\"19\",\"permission\":\"27\",\"icon\":\"fa fa-navicon\",\"state\":0,\"deleted\":0}','2018-11-02 20:32:23'),(196,67,'Update','menu',NULL,'Actualización del menú: Empresas','{\"name\":\"Empresas\",\"route\":\"companies\",\"position\":\"1\",\"parent\":\"19\",\"permission\":\"27\",\"icon\":\"fa fa-navicon\",\"state\":1,\"deleted\":0}','2018-11-02 20:35:30'),(197,67,'Update logo company','settings',1,'Actualzición de logo de la empresa','{\"file\":\"profile_bg.jpg\",\"extension\":\"jpg\"}','2018-11-02 20:37:07'),(198,67,'Update','companies',1,'Actualización de la empresa:  EMPRESA PRUEBA .CA','{\"social\":\"EMPRESA PRUEBA .CA\",\"fiscal\":\"J9801298710\",\"email\":\"MAIL@MAIL.COIM\",\"local_phone\":\"04246921446\",\"local_mobile\":\"04246921446\",\"country\":\"\",\"city\":\"maracaibo\",\"address\":\"65-07 b\\/guacaipuro\",\"state\":1}','2018-11-02 20:37:19'),(199,67,'Update','companies',1,'Actualización de la empresa:  EMPRESA PRUEBA .CA','{\"social\":\"EMPRESA PRUEBA .CA\",\"fiscal\":\"J9801298710\",\"email\":\"MAIL@MAIL.COIM\",\"local_phone\":\"04246921446\",\"local_mobile\":\"04246921446\",\"country\":\"\",\"city\":\"maracaibo\",\"address\":\"65-07 b\\/guacaipuro\",\"state\":1}','2018-11-02 20:37:32'),(200,67,'Update','menu',NULL,'Actualización del menú: Empresas','{\"name\":\"Empresas\",\"route\":\"companies\",\"position\":\"1\",\"parent\":\"19\",\"permission\":\"27\",\"icon\":\"fa fa-navicon\",\"state\":0,\"deleted\":0}','2018-11-02 20:40:43'),(201,67,'Update','menu',NULL,'Actualización del menú: Mantenedores','{\"name\":\"Mantenedores\",\"route\":\"\",\"position\":\"4\",\"permission\":\"\",\"icon\":\"fa fa-columns\",\"state\":0,\"deleted\":0}','2018-11-02 20:40:52'),(202,67,'Update','menu',NULL,'Actualización del menú: Empresas','{\"name\":\"Empresas\",\"route\":\"companies\",\"position\":\"1\",\"permission\":\"27\",\"icon\":\"fa fa-navicon\",\"state\":1,\"deleted\":0}','2018-11-02 20:52:09'),(203,67,'Update','menu',NULL,'Actualización del menú: Mantenedores','{\"name\":\"Mantenedores\",\"route\":\"\",\"position\":\"4\",\"permission\":\"\",\"icon\":\"fa fa-columns\",\"state\":1,\"deleted\":0}','2018-11-02 20:52:17'),(204,67,'Create','users',25,'Creación del usuario: hbullon@gruposerex.com','{\"username\":\"hbullon@gruposerex.com\",\"state\":1,\"password\":\"$2y$10$ERPt1LXP1LctuAWlkjJQd.Yg6M0pNGNfQjHit1V8rsXdmhwV61t0K\",\"roles\":[\"3\"]}','2018-11-02 21:06:20'),(205,67,'Create','users',26,'Creación del usuario: hbullon@gruposerex.com','{\"username\":\"hbullon@gruposerex.com\",\"state\":1,\"password\":\"$2y$10$xUZc8kYoOhni3EG92K10...0lyLHKBjOdqIntdpXM0TsP6wvc8136\",\"roles\":[\"3\"]}','2018-11-02 21:07:04'),(206,67,'Create','users',27,'Creación del usuario: hbullon@gruposerex.com','{\"username\":\"hbullon@gruposerex.com\",\"state\":1,\"password\":\"$2y$10$vXTk0wWEzdBWpGu3QLhRH.adpggodUTKa38kANtCtfksRm14riaTm\",\"roles\":[\"3\"]}','2018-11-02 21:07:41'),(207,67,'Update','menu',NULL,'Actualización del menú: Mantenedores','{\"name\":\"Mantenedores\",\"route\":\"\",\"position\":\"4\",\"permission\":\"\",\"icon\":\"fa fa-puzzle-piece\",\"state\":1,\"deleted\":0}','2018-11-02 21:36:54'),(208,67,'Update','menu',NULL,'Actualización del menú: Mantenedores','{\"name\":\"Mantenedores\",\"route\":\"\",\"position\":\"4\",\"permission\":\"\",\"icon\":\"fa fa-cube\",\"state\":1,\"deleted\":0}','2018-11-02 21:38:20'),(209,67,'Logout','users',67,'Cierre de sesión: hrbullon@gmail.com','{\"__ci_last_regenerate\":1541192424,\"session_id\":67,\"company\":1,\"theme\":\"red\",\"style_header\":\"navbar-inverse\",\"username\":\"hrbullon@gmail.com\",\"profile\":\"uploads\\/users-profile\\/e5b5ab6333c7a4e63ebf6a0047971f14.jpg\",\"roles\":\"\",\"user_id\":\"1\",\"expira\":1541193513}','2018-11-02 22:00:24'),(210,68,'Login','sessions',68,'Inicio de sesión satisfactorio: hrbullon@gmail.com','{\"username\":\"hrbullon@gmail.com\"}','2018-11-05 13:15:59'),(211,68,'Update','companies',1,'Actualización de la empresa:  EMPRESA PRUEBA .CA','{\"social\":\"EMPRESA PRUEBA .CA\",\"fiscal\":\"J9801298710\",\"email\":\"MAIL@MAIL.COIM\",\"local_phone\":\"04246921446\",\"local_mobile\":\"04246921446\",\"country\":\"232\",\"city\":\"maracaibo\",\"address\":\"65-07 b\\/guacaipuro\",\"state\":1}','2018-11-05 14:03:05'),(212,68,'Update vars system','settings',1,'Actualización de variables del sistema','{\"coin\":\"2\",\"tax\":\"1\",\"retention\":\"\",\"perception\":\"\",\"format_date\":\"\",\"separator\":\"\",\"decimals\":\"\"}','2018-11-05 14:50:22'),(213,68,'Update vars system','settings',1,'Actualización de variables del sistema','{\"coin\":\"2\",\"tax\":\"1\",\"retention\":\"\",\"perception\":\"\",\"format_date\":\"\",\"separator\":\"\",\"decimals\":\"\"}','2018-11-05 15:01:39'),(214,68,'Update vars system','settings',1,'Actualización de variables del sistema','{\"coin\":\"2\",\"tax\":\"1\",\"retention\":\"\",\"perception\":\"\",\"format_date\":\"\",\"separator\":\"\",\"decimals\":\"\"}','2018-11-05 15:01:45'),(215,68,'Update vars system','settings',1,'Actualización de variables del sistema','{\"coin\":\"2\",\"tax\":\"1\",\"retention\":\"75\",\"perception\":\"75\",\"format_date\":\"\",\"separator\":\"\",\"decimals\":\"\"}','2018-11-05 15:03:27'),(216,68,'Update vars system','settings',1,'Actualización de variables del sistema','{\"coin\":\"2\",\"tax\":\"1\",\"retention\":\"75\",\"perception\":\"75\",\"format_date\":\"\",\"separator\":\",\",\"decimals\":\"2\"}','2018-11-05 15:04:19'),(217,68,'Update vars system','settings',1,'Actualización de variables del sistema','{\"coin\":\"2\",\"tax\":\"1\",\"retention\":\"75\",\"perception\":\"75\",\"format_date\":\"00-00-0000\",\"separator\":\",\",\"decimals\":\"2\"}','2018-11-05 15:05:06'),(218,68,'Update logo company','settings',1,'Actualzición de logo de la empresa','{\"file\":\"Logo_default.png\",\"extension\":\"png\"}','2018-11-05 15:05:29'),(219,68,'Logout','users',68,'Cierre de sesión: hrbullon@gmail.com','{\"__ci_last_regenerate\":1541427400,\"session_id\":68,\"company\":1,\"theme\":\"red\",\"style_header\":\"navbar-inverse\",\"username\":\"hrbullon@gmail.com\",\"profile\":\"uploads\\/users-profile\\/e5b5ab6333c7a4e63ebf6a0047971f14.jpg\",\"roles\":\"\",\"user_id\":\"1\",\"expira\":1541427359}','2018-11-05 15:16:40'),(220,69,'Login','sessions',69,'Inicio de sesión satisfactorio: hrbullon@gmail.com','{\"username\":\"hrbullon@gmail.com\"}','2018-11-05 15:18:37'),(221,69,'Logout','users',69,'Cierre de sesión: hrbullon@gmail.com','{\"__ci_last_regenerate\":1541427731,\"session_id\":69,\"company\":1,\"theme\":\"red\",\"style_header\":\"navbar-inverse\",\"username\":\"hrbullon@gmail.com\",\"profile\":\"uploads\\/users-profile\\/e5b5ab6333c7a4e63ebf6a0047971f14.jpg\",\"roles\":\"\",\"user_id\":\"1\",\"expira\":1541434717}','2018-11-05 15:22:11'),(222,70,'Login','sessions',70,'Inicio de sesión satisfactorio: hrbullon@gmail.com','{\"username\":\"hrbullon@gmail.com\"}','2018-11-05 15:22:39'),(223,70,'Create','menu',NULL,'Creación de un nuevo menú: Impuesto','{\"name\":\"Impuesto\",\"route\":\"taxes\",\"position\":\"2\",\"parent\":\"19\",\"permission\":\"31\",\"icon\":\"fa fa-legal\",\"state\":1,\"deleted\":0}','2018-11-05 16:00:09'),(224,70,'Assign permission','roles_permissions',NULL,'Asignación de permisos impuestos al rol: Superusuario','{\"role\":\"Superusuario\",\"permission\":\"impuestos\",\"action\":\"Asignar permiso impuestos\"}','2018-11-05 16:01:46'),(225,70,'Assign permission','roles_permissions',NULL,'Asignación de permisos impuestos al rol: Superusuario','{\"role\":\"Superusuario\",\"permission\":\"impuestos\",\"action\":\"Asignar permiso impuestos\"}','2018-11-05 16:01:47'),(226,70,'Assign permission','roles_permissions',NULL,'Asignación de permisos impuestos crear al rol: Superusuario','{\"role\":\"Superusuario\",\"permission\":\"impuestos crear\",\"action\":\"Asignar permiso impuestos crear\"}','2018-11-05 16:01:48'),(227,70,'Assign permission','roles_permissions',NULL,'Asignación de permisos impuestos update al rol: Superusuario','{\"role\":\"Superusuario\",\"permission\":\"impuestos update\",\"action\":\"Asignar permiso impuestos update\"}','2018-11-05 16:01:49'),(228,70,'Assign permission','roles_permissions',NULL,'Asignación de permisos impuestos eliminar al rol: Superusuario','{\"role\":\"Superusuario\",\"permission\":\"impuestos eliminar\",\"action\":\"Asignar permiso impuestos eliminar\"}','2018-11-05 16:01:50'),(229,70,'Update','menu',NULL,'Actualización del menú: Impuestos','{\"name\":\"Impuestos\",\"route\":\"taxes\",\"position\":\"2\",\"parent\":\"19\",\"permission\":\"31\",\"icon\":\"fa fa-legal\",\"state\":1,\"deleted\":0}','2018-11-05 16:02:28'),(230,70,'Create','taxes',0,' Creación de un impuesto IVA 12 %','{\"name\":\"IVA 12 %\",\"value\":\"12\",\"state\":1}','2018-11-05 16:34:58'),(231,70,'Create','taxes',0,' Creación de un impuesto IVA 12 %','{\"name\":\"IVA 12 %\",\"value\":\"13\",\"state\":1}','2018-11-05 16:44:48'),(232,70,'Delete','taxes',3,'Eliminación del impuesto IVA 12 %','{\"id\":\"3\",\"name\":\"IVA 12 %\",\"value\":\"13\",\"state\":\"1\",\"deleted\":\"1\"}','2018-11-05 16:46:28'),(233,70,'Update','taxes',2,'Actualización del impuesto IVA 13 %','{\"name\":\"IVA 13 %\",\"value\":\"13\",\"state\":1}','2018-11-05 16:46:43'),(234,70,'Create','taxes',0,' Creación de un impuesto IVA 18%','{\"name\":\"IVA 18%\",\"value\":\"18\",\"state\":1}','2018-11-05 16:47:02'),(235,70,'Update','taxes',4,'Actualización del impuesto IVA 18%','{\"name\":\"IVA 18%\",\"value\":\"18\",\"state\":1}','2018-11-05 16:47:14'),(236,70,'Update','roles',23,'Actualización del rol Tester','{\"name\":\"Tester\",\"state\":1}','2018-11-05 16:50:02'),(237,70,'Delete','taxes',4,'Eliminación del impuesto IVA 18%','{\"id\":\"4\",\"name\":\"IVA 18%\",\"value\":\"18\",\"state\":\"1\",\"deleted\":\"0\"}','2018-11-05 16:50:59'),(238,70,'Delete','taxes',2,'Eliminación del impuesto IVA 13 %','{\"id\":\"2\",\"name\":\"IVA 13 %\",\"value\":\"13\",\"state\":\"1\",\"deleted\":\"0\"}','2018-11-05 16:51:04'),(239,70,'Update','taxes',1,'Actualización del impuesto IVA 16%','{\"name\":\"IVA 16%\",\"value\":\"16\",\"state\":\"0\"}','2018-11-05 17:18:04'),(240,70,'Update','companies',1,'Actualización de la empresa:  EMPRESA PRUEBA .CA','{\"social\":\"EMPRESA PRUEBA .CA\",\"fiscal\":\"J9801298710\",\"email\":\"MAIL@MAIL.COIM\",\"local_phone\":\"04246921446\",\"local_mobile\":\"04246921446\",\"country\":\"232\",\"city\":\"maracaibo\",\"address\":\"65-07 b\\/guacaipuro\",\"state\":1}','2018-11-05 17:20:11'),(241,70,'Update','companies',1,'Actualización de la empresa:  EMPRESA PRUEBA .CA','{\"social\":\"EMPRESA PRUEBA .CA\",\"fiscal\":\"J9801298710\",\"email\":\"MAIL@MAIL.COIM\",\"local_phone\":\"04246921446\",\"local_mobile\":\"04246921446\",\"country\":\"232\",\"city\":\"maracaibo\",\"address\":\"65-07 b\\/guacaipuro\",\"state\":\"0\"}','2018-11-05 17:23:30'),(242,70,'Update','companies',1,'Actualización de la empresa:  EMPRESA PRUEBA .CA','{\"social\":\"EMPRESA PRUEBA .CA\",\"fiscal\":\"J9801298710\",\"email\":\"MAIL@MAIL.COIM\",\"local_phone\":\"04246921446\",\"local_mobile\":\"04246921446\",\"country\":\"232\",\"city\":\"maracaibo\",\"address\":\"65-07 b\\/guacaipuro\",\"state\":\"1\"}','2018-11-05 17:23:46'),(243,70,'Update','roles',23,'Actualización del rol Tester','{\"name\":\"Tester\",\"state\":\"0\"}','2018-11-05 17:24:00'),(244,70,'Update','roles',23,'Actualización del rol Tester','{\"name\":\"Tester\",\"state\":\"1\"}','2018-11-05 17:24:07'),(245,70,'Update','menu',NULL,'Actualización del menú: Impuestos','{\"name\":\"Impuestos\",\"route\":\"taxes\",\"position\":\"2\",\"parent\":\"19\",\"permission\":\"31\",\"icon\":\"fa fa-legal\",\"state\":0,\"deleted\":0}','2018-11-05 17:24:20'),(246,70,'Update','menu',NULL,'Actualización del menú: Impuestos','{\"name\":\"Impuestos\",\"route\":\"taxes\",\"position\":\"2\",\"parent\":\"19\",\"permission\":\"31\",\"icon\":\"fa fa-legal\",\"state\":1,\"deleted\":0}','2018-11-05 17:24:31'),(247,70,'Update logo company','settings',1,'Actualzición de logo de la empresa','{\"file\":\"logo.png\",\"extension\":\"png\"}','2018-11-05 17:32:07'),(248,70,'Logout','users',70,'Cierre de sesión: hrbullon@gmail.com','{\"__ci_last_regenerate\":1541435919,\"session_id\":70,\"company\":\"1\",\"theme\":\"\",\"style_header\":\"navbar-default\",\"username\":\"hrbullon@gmail.com\",\"profile\":\"uploads\\/users-profile\\/e5b5ab6333c7a4e63ebf6a0047971f14.jpg\",\"roles\":\"\",\"user_id\":\"1\",\"expira\":1541434959}','2018-11-05 17:38:44'),(249,71,'Login','sessions',71,'Inicio de sesión satisfactorio: hrbullon@gmail.com','{\"username\":\"hrbullon@gmail.com\"}','2018-11-05 17:38:49');

/*Table structure for table `auth_codes` */

DROP TABLE IF EXISTS `auth_codes`;

CREATE TABLE `auth_codes` (
  `id` int(11) NOT NULL AUTO_INCREMENT,
  `kind` int(11) NOT NULL COMMENT 'Kind of code',
  `user` int(11) NOT NULL COMMENT 'Id of user that requested ir',
  `code` varchar(200) NOT NULL COMMENT 'String with the code to validate',
  `create` timestamp NOT NULL DEFAULT CURRENT_TIMESTAMP ON UPDATE CURRENT_TIMESTAMP COMMENT 'Time when code was generated',
  `expire` time NOT NULL COMMENT 'Time when code will expire',
  `state` int(11) NOT NULL COMMENT 'State of code maybe 0,1,2 and 3',
  PRIMARY KEY (`id`),
  KEY `user` (`user`),
  CONSTRAINT `auth_codes_ibfk_1` FOREIGN KEY (`user`) REFERENCES `auth_users` (`id`) ON DELETE CASCADE ON UPDATE CASCADE
) ENGINE=InnoDB DEFAULT CHARSET=utf8;

/*Data for the table `auth_codes` */

/*Table structure for table `auth_logs` */

DROP TABLE IF EXISTS `auth_logs`;

CREATE TABLE `auth_logs` (
  `id` int(11) NOT NULL AUTO_INCREMENT,
  `uri` varchar(255) NOT NULL COMMENT 'Url of request',
  `method` varchar(6) NOT NULL COMMENT 'Method of request',
  `params` text COMMENT 'Parmas sent in request',
  `session` int(11) NOT NULL COMMENT 'Id of session used for request',
  `ip_address` varchar(45) NOT NULL COMMENT 'IP Address where user did request',
  `time` int(11) NOT NULL,
  `rtime` float DEFAULT NULL,
  `response_code` smallint(3) DEFAULT '0',
  PRIMARY KEY (`id`)
) ENGINE=InnoDB DEFAULT CHARSET=utf8;

/*Data for the table `auth_logs` */

/*Table structure for table `auth_menu` */

DROP TABLE IF EXISTS `auth_menu`;

CREATE TABLE `auth_menu` (
  `id` int(11) NOT NULL AUTO_INCREMENT,
  `name` varchar(45) NOT NULL,
  `parent` int(11) DEFAULT NULL,
  `position` int(11) DEFAULT NULL,
  `route` varchar(300) DEFAULT NULL,
  `permission` varchar(100) DEFAULT NULL COMMENT 'Nombre del permiso requerido para ver y entrar en el  menu solicitado',
  `icon` varchar(45) DEFAULT NULL,
  `state` tinyint(4) DEFAULT NULL,
  `deleted` int(11) DEFAULT NULL,
  PRIMARY KEY (`id`)
) ENGINE=InnoDB AUTO_INCREMENT=22 DEFAULT CHARSET=utf8;

/*Data for the table `auth_menu` */

insert  into `auth_menu`(`id`,`name`,`parent`,`position`,`route`,`permission`,`icon`,`state`,`deleted`) values (1,'Control de acceso',NULL,3,'','','fa fa-get-pocket',1,0),(6,'Usuarios',1,5,'users','1','',1,0),(7,'Roles',1,6,'roles','10','',1,0),(10,'Menues',1,0,'menues','19','',1,0),(11,'Permisos',1,0,'privileges','15','',1,0),(12,'Sesiones',1,5,'sessions','6','',1,0),(13,'Configuraciones',NULL,2,'settings','24','fa fa-cog',1,0),(14,'TEST',NULL,3,'users','1','fa fa-apple',1,1),(16,'Auditoria',1,6,'audit','25','',1,0),(17,'Tablero',NULL,1,'dashboard','24','fa fa-dashboard',1,0),(19,'Mantenedores',NULL,4,'','','fa fa-cube',1,0),(20,'Empresas',19,1,'companies','27','fa fa-navicon',1,0),(21,'Impuestos',19,2,'taxes','31','fa fa-legal',1,0);

/*Table structure for table `auth_permissions` */

DROP TABLE IF EXISTS `auth_permissions`;

CREATE TABLE `auth_permissions` (
  `id` int(11) NOT NULL AUTO_INCREMENT,
  `name` varchar(45) NOT NULL COMMENT 'How is called each permission',
  `description` varchar(50) DEFAULT NULL,
  `parent` int(11) DEFAULT NULL,
  PRIMARY KEY (`id`)
) ENGINE=InnoDB AUTO_INCREMENT=35 DEFAULT CHARSET=utf8;

/*Data for the table `auth_permissions` */

insert  into `auth_permissions`(`id`,`name`,`description`,`parent`) values (1,'users_index','usuarios',NULL),(2,'users_create','usuarios crear',1),(4,'users_update','usuarios editar',1),(5,'users_delete','usuarios eliminar',1),(6,'sessions_index','sesiones',NULL),(8,'sessions_destroy','sesiones destruir/cerrar',6),(9,'sessions_config','sesiones configurar',6),(10,'roles_index','roles',NULL),(11,'roles_create','roles crear',10),(13,'roles_update','roles editar',10),(14,'roles_delete','roles eliminar',10),(15,'privileges_index','permisos',NULL),(19,'menues_index','menu',NULL),(20,'menues_create','menu crear',19),(22,'menues_update','menu editar',19),(23,'menues_delete','menu eliminar',19),(24,'companies_settings','configuracion',NULL),(25,'audit_index','auditoria',NULL),(26,'dashboard_index','tablero',NULL),(27,'companies_index','empresas',NULL),(28,'companies_create','empresas crear',NULL),(29,'companies_update','empresas editar',NULL),(30,'companies_delete','empresas eliminar',27),(31,'taxes_index','impuestos',NULL),(32,'taxes_create','impuestos crear',31),(33,'taxes_update','impuestos update',31),(34,'taxes_delete','impuestos eliminar',31);

/*Table structure for table `auth_roles` */

DROP TABLE IF EXISTS `auth_roles`;

CREATE TABLE `auth_roles` (
  `id` int(11) NOT NULL AUTO_INCREMENT,
  `name` varchar(45) NOT NULL,
  `state` int(11) NOT NULL,
  `deleted` int(11) NOT NULL,
  PRIMARY KEY (`id`)
) ENGINE=InnoDB AUTO_INCREMENT=24 DEFAULT CHARSET=utf8;

/*Data for the table `auth_roles` */

insert  into `auth_roles`(`id`,`name`,`state`,`deleted`) values (1,'Superusuario',1,0),(2,'Administrador',1,0),(3,'Supervisor',1,0),(4,'Gestor',1,0),(20,'Vendedor',1,0),(21,'Cliente',1,0),(22,'test',1,1),(23,'Tester',1,0);

/*Table structure for table `auth_roles_permissions` */

DROP TABLE IF EXISTS `auth_roles_permissions`;

CREATE TABLE `auth_roles_permissions` (
  `role` int(11) NOT NULL COMMENT 'Id of role relation with roles table',
  `permission` int(11) NOT NULL COMMENT 'Id of permission relation with permissions',
  `state` int(11) NOT NULL COMMENT 'State of permission',
  PRIMARY KEY (`role`,`permission`),
  KEY `permission` (`permission`),
  CONSTRAINT `auth_roles_permissions_ibfk_1` FOREIGN KEY (`role`) REFERENCES `auth_roles` (`id`) ON DELETE CASCADE ON UPDATE CASCADE,
  CONSTRAINT `auth_roles_permissions_ibfk_2` FOREIGN KEY (`permission`) REFERENCES `auth_permissions` (`id`) ON DELETE CASCADE ON UPDATE CASCADE
) ENGINE=InnoDB DEFAULT CHARSET=utf8;

/*Data for the table `auth_roles_permissions` */

insert  into `auth_roles_permissions`(`role`,`permission`,`state`) values (1,1,1),(1,2,1),(1,4,1),(1,5,1),(1,6,1),(1,8,1),(1,9,0),(1,10,1),(1,11,1),(1,13,1),(1,14,1),(1,15,1),(1,19,1),(1,20,1),(1,22,1),(1,23,1),(1,24,1),(1,25,1),(1,26,1),(1,27,1),(1,28,1),(1,29,1),(1,30,1),(1,31,1),(1,32,1),(1,33,1),(1,34,1),(2,1,1),(2,2,1),(2,4,1),(2,5,1),(2,6,1),(2,8,1),(2,9,1),(2,11,1),(2,13,1),(2,14,1),(2,20,1),(2,22,1),(2,23,1),(3,1,1),(3,2,1),(3,4,1),(3,5,1),(3,6,0),(3,8,0),(4,1,0),(4,2,0),(4,4,1),(4,5,1),(4,6,1),(4,8,1),(4,23,1),(20,2,1),(20,4,1),(20,5,1),(20,8,1),(20,9,1),(21,2,0),(21,4,0),(21,5,0),(21,8,0),(21,9,0),(23,1,1),(23,2,1),(23,4,1),(23,5,1);

/*Table structure for table `auth_sessions` */

DROP TABLE IF EXISTS `auth_sessions`;

CREATE TABLE `auth_sessions` (
  `id` varchar(128) NOT NULL,
  `ip_address` varchar(45) NOT NULL,
  `timestamp` int(10) unsigned NOT NULL,
  `data` blob NOT NULL,
  PRIMARY KEY (`id`)
) ENGINE=InnoDB DEFAULT CHARSET=utf8;

/*Data for the table `auth_sessions` */

insert  into `auth_sessions`(`id`,`ip_address`,`timestamp`,`data`) values ('00fps30fvtp9nr7lgjd6p49q9v408ene','::1',1540577694,'__ci_last_regenerate|i:1540577694;session_id|i:28;username|s:18:\"hrbullon@gmail.com\";profile|s:66:\"uploads/users-profile/4f00a833ae3d3f76fc98089dc711b1592deed4b1.jpg\";roles|s:0:\"\";user_id|s:1:\"1\";expira|i:1540563749;'),('046mm0mi9nt1ihg4eo0i46k72c2pflba','::1',1540560142,'__ci_last_regenerate|i:1540560142;session_id|i:28;username|s:18:\"hrbullon@gmail.com\";profile|s:66:\"uploads/users-profile/4f00a833ae3d3f76fc98089dc711b1592deed4b1.jpg\";roles|s:0:\"\";user_id|s:1:\"1\";expira|i:1540563749;'),('06828av1i4t8dvrmqmdokm05mc2gm4q2','::1',1540835632,'__ci_last_regenerate|i:1540835632;session_id|i:35;username|s:18:\"hrbullon@gmail.com\";profile|s:66:\"uploads/users-profile/4f00a833ae3d3f76fc98089dc711b1592deed4b1.jpg\";roles|s:1:\",\";user_id|s:1:\"1\";expira|i:1540835447;'),('09q1jr0eehda7g56d4u45asqk7mekbe5','::1',1540566280,'__ci_last_regenerate|i:1540566280;session_id|i:28;username|s:18:\"hrbullon@gmail.com\";profile|s:66:\"uploads/users-profile/4f00a833ae3d3f76fc98089dc711b1592deed4b1.jpg\";roles|s:0:\"\";user_id|s:1:\"1\";expira|i:1540563749;'),('0dav6l8e1qnno1cld6lu2lg4spjs3ad3','::1',1540995367,'__ci_last_regenerate|i:1540995367;session_id|i:40;username|s:18:\"hrbullon@gmail.com\";profile|s:66:\"uploads/users-profile/4f00a833ae3d3f76fc98089dc711b1592deed4b1.jpg\";roles|s:1:\",\";user_id|s:1:\"1\";expira|i:1541000755;'),('0eqnjus8raaqmdvgomhm5r4v7c6iln0n','::1',1540823075,'__ci_last_regenerate|i:1540823075;session_id|i:32;username|s:18:\"hrbullon@gmail.com\";profile|s:66:\"uploads/users-profile/4f00a833ae3d3f76fc98089dc711b1592deed4b1.jpg\";roles|s:0:\"\";user_id|s:1:\"1\";expira|i:1540822896;'),('0i2pnc8jdc3nq7f5pb4vj857lrjh0rmt','::1',1541078937,'__ci_last_regenerate|i:1541078937;'),('0vg1falgbtmaamn488ntccea2huhusu7','::1',1540819480,'__ci_last_regenerate|i:1540819480;session_id|i:32;username|s:18:\"hrbullon@gmail.com\";profile|s:66:\"uploads/users-profile/4f00a833ae3d3f76fc98089dc711b1592deed4b1.jpg\";roles|s:0:\"\";user_id|s:1:\"1\";expira|i:1540822896;'),('108jkl84dlappcneua3sikpgputct1f0','::1',1541167827,'__ci_last_regenerate|i:1541167827;session_id|i:66;theme|s:6:\"purple\";style_header|s:14:\"navbar-inverse\";username|s:18:\"hrbullon@gmail.com\";profile|s:58:\"uploads/users-profile/e5b5ab6333c7a4e63ebf6a0047971f14.jpg\";roles|s:0:\"\";user_id|s:1:\"1\";expira|i:1541170327;'),('11p94f96grq8hpfbtco5o3b0sntfgff5','::1',1541163501,'__ci_last_regenerate|i:1541163501;session_id|i:66;theme|s:6:\"purple\";style_header|s:14:\"navbar-inverse\";username|s:18:\"hrbullon@gmail.com\";profile|s:58:\"uploads/users-profile/e5b5ab6333c7a4e63ebf6a0047971f14.jpg\";roles|s:0:\"\";user_id|s:1:\"1\";expira|i:1541170327;'),('1au06e9mdbb8sfje08pth14aju4pugc0','::1',1541185529,'__ci_last_regenerate|i:1541185529;session_id|i:66;theme|s:6:\"purple\";style_header|s:14:\"navbar-inverse\";username|s:18:\"hrbullon@gmail.com\";profile|s:58:\"uploads/users-profile/e5b5ab6333c7a4e63ebf6a0047971f14.jpg\";roles|s:0:\"\";user_id|s:1:\"1\";expira|i:1541170327;'),('1fbti2qlh68k3d34j467oj2qcrt2momd','::1',1540557144,'__ci_last_regenerate|i:1540557144;session_id|i:28;username|s:18:\"hrbullon@gmail.com\";profile|s:66:\"uploads/users-profile/4f00a833ae3d3f76fc98089dc711b1592deed4b1.jpg\";roles|s:0:\"\";user_id|s:1:\"1\";expira|i:1540563749;'),('1mbfjl69dbrtganjn24jr1qe4jdfuhmd','::1',1540996667,'__ci_last_regenerate|i:1540996667;session_id|i:41;username|s:18:\"hrbullon@gmail.com\";profile|s:66:\"uploads/users-profile/4f00a833ae3d3f76fc98089dc711b1592deed4b1.jpg\";roles|s:0:\"\";user_id|s:1:\"1\";expira|i:1541002767;'),('1t9h784rbqf4qlfjnh96rh0140mhcd6a','::1',1540301256,'__ci_last_regenerate|i:1540301256;'),('253cb1u34jlp7a0sqdi58pcmj6nvt654','::1',1540585127,'__ci_last_regenerate|i:1540585127;session_id|i:29;username|s:18:\"hrbullon@gmail.com\";profile|s:66:\"uploads/users-profile/4f00a833ae3d3f76fc98089dc711b1592deed4b1.jpg\";roles|s:0:\"\";user_id|s:1:\"1\";expira|i:1540588984;'),('26v3cmd8s2qpqtq6si8ba9gr8smcvd8s','::1',1541092266,'__ci_last_regenerate|i:1541092266;session_id|i:56;theme|s:4:\"blue\";username|s:18:\"hrbullon@gmail.com\";profile|s:66:\"uploads/users-profile/4f00a833ae3d3f76fc98089dc711b1592deed4b1.jpg\";roles|s:0:\"\";user_id|s:1:\"1\";expira|i:1541086138;'),('28jendunq3lmds2bpo70bjp15b03bkil','::1',1541431227,'__ci_last_regenerate|i:1541431227;session_id|i:70;company|s:1:\"1\";theme|s:3:\"red\";style_header|s:14:\"navbar-inverse\";username|s:18:\"hrbullon@gmail.com\";profile|s:58:\"uploads/users-profile/e5b5ab6333c7a4e63ebf6a0047971f14.jpg\";roles|s:0:\"\";user_id|s:1:\"1\";expira|i:1541434959;'),('29iuom9r5n57mdqap82u77q26f7tu3fv','::1',1541091163,'__ci_last_regenerate|i:1541091163;session_id|i:56;theme|s:4:\"blue\";username|s:18:\"hrbullon@gmail.com\";profile|s:66:\"uploads/users-profile/4f00a833ae3d3f76fc98089dc711b1592deed4b1.jpg\";roles|s:0:\"\";user_id|s:1:\"1\";expira|i:1541086138;'),('2eikvr9801ravi97mtn3cpav8vl9sea3','::1',1540567037,'__ci_last_regenerate|i:1540567037;session_id|i:28;username|s:18:\"hrbullon@gmail.com\";profile|s:66:\"uploads/users-profile/4f00a833ae3d3f76fc98089dc711b1592deed4b1.jpg\";roles|s:0:\"\";user_id|s:1:\"1\";expira|i:1540563749;'),('2fibmgvef5sfr71j87oo4bmk8sj7d8mt','::1',1540903147,'__ci_last_regenerate|i:1540903147;'),('2ipli50anub3s69ql2api8hr6bv4hh0c','::1',1540301571,'__ci_last_regenerate|i:1540301571;'),('2q6l7pfs504fs6nic4qm795mq3s0jb18','::1',1540583502,'__ci_last_regenerate|i:1540583502;session_id|i:29;username|s:18:\"hrbullon@gmail.com\";profile|s:66:\"uploads/users-profile/4f00a833ae3d3f76fc98089dc711b1592deed4b1.jpg\";roles|s:0:\"\";user_id|s:1:\"1\";expira|i:1540588984;'),('2tj087qiou9t34d9g5m48vonvmkg50ke','::1',1540995705,'__ci_last_regenerate|i:1540995705;session_id|i:40;username|s:18:\"hrbullon@gmail.com\";profile|s:66:\"uploads/users-profile/4f00a833ae3d3f76fc98089dc711b1592deed4b1.jpg\";roles|s:1:\",\";user_id|s:1:\"1\";expira|i:1541000755;'),('34vus5dudmkafmf948j2fihcab21lb38','::1',1541178946,'__ci_last_regenerate|i:1541178946;session_id|i:66;theme|s:6:\"purple\";style_header|s:14:\"navbar-inverse\";username|s:18:\"hrbullon@gmail.com\";profile|s:58:\"uploads/users-profile/e5b5ab6333c7a4e63ebf6a0047971f14.jpg\";roles|s:0:\"\";user_id|s:1:\"1\";expira|i:1541170327;'),('3fvovb0eetdblbf4an4ij5dcqmmn3uqm','::1',1539976290,'__ci_last_regenerate|i:1539976290;session_id|i:15;username|s:18:\"hrbullon@gmail.com\";profile|s:66:\"uploads/users-profile/f0318ddb1e1ef44ce2d72501318d391cfcdf2dc2.jpg\";roles|s:0:\"\";user_id|s:1:\"1\";expira|i:1539976062;'),('3h76qg657ve1ue2ljc06ahodbu3mgka0','::1',1541186276,'__ci_last_regenerate|i:1541186276;session_id|i:66;theme|s:6:\"purple\";style_header|s:14:\"navbar-inverse\";username|s:18:\"hrbullon@gmail.com\";profile|s:58:\"uploads/users-profile/e5b5ab6333c7a4e63ebf6a0047971f14.jpg\";roles|s:0:\"\";user_id|s:1:\"1\";expira|i:1541170327;'),('3jpouajqcm9fjkq6oe5pmhkbc752uinc','::1',1540555785,'__ci_last_regenerate|i:1540555785;session_id|i:24;username|s:18:\"hrbullon@gmail.com\";profile|s:66:\"uploads/users-profile/4f00a833ae3d3f76fc98089dc711b1592deed4b1.jpg\";roles|s:0:\"\";user_id|s:1:\"1\";expira|i:1540562771;'),('3k8jrrmf64dlk2lgp9bgtehpr3ruooid','::1',1540564697,'__ci_last_regenerate|i:1540564697;session_id|i:28;username|s:18:\"hrbullon@gmail.com\";profile|s:66:\"uploads/users-profile/4f00a833ae3d3f76fc98089dc711b1592deed4b1.jpg\";roles|s:0:\"\";user_id|s:1:\"1\";expira|i:1540563749;'),('3pmfq3jehdikiduhbrfj4dcs7hggurr2','::1',1540300788,'__ci_last_regenerate|i:1540300788;'),('3rujbuje33nkteelbnc7e7fv4e65mhtc','::1',1541105849,'__ci_last_regenerate|i:1541105849;session_id|i:64;theme|s:6:\"orange\";style_header|s:14:\"navbar-default\";username|s:18:\"hrbullon@gmail.com\";profile|s:58:\"uploads/users-profile/e5b5ab6333c7a4e63ebf6a0047971f14.jpg\";roles|s:0:\"\";user_id|s:1:\"1\";expira|i:1541107531;'),('41i90r22kfk5g4gfmo852nhj07lr9c50','::1',1541430851,'__ci_last_regenerate|i:1541430851;session_id|i:70;company|s:1:\"1\";theme|s:3:\"red\";style_header|s:14:\"navbar-inverse\";username|s:18:\"hrbullon@gmail.com\";profile|s:58:\"uploads/users-profile/e5b5ab6333c7a4e63ebf6a0047971f14.jpg\";roles|s:0:\"\";user_id|s:1:\"1\";expira|i:1541434959;'),('4a1rua6g4s8p5vi477jsibhu6uotsujr','::1',1540239063,'__ci_last_regenerate|i:1540239063;session_id|i:17;username|s:18:\"hrbullon@gmail.com\";profile|s:66:\"uploads/users-profile/4f00a833ae3d3f76fc98089dc711b1592deed4b1.jpg\";roles|s:0:\"\";user_id|s:1:\"1\";expira|i:1540240598;'),('4dcpnvrrermgatt7cip2l44j5m55olcp','::1',1540498936,'__ci_last_regenerate|i:1540498936;session_id|i:22;username|s:18:\"hrbullon@gmail.com\";profile|s:66:\"uploads/users-profile/4f00a833ae3d3f76fc98089dc711b1592deed4b1.jpg\";roles|s:0:\"\";user_id|s:1:\"1\";expira|i:1540504282;'),('4if8q7shjgmv5rb0c52fg4d7d9lfiuel','::1',1540818894,'__ci_last_regenerate|i:1540818894;session_id|i:32;username|s:18:\"hrbullon@gmail.com\";profile|s:66:\"uploads/users-profile/4f00a833ae3d3f76fc98089dc711b1592deed4b1.jpg\";roles|s:0:\"\";user_id|s:1:\"1\";expira|i:1540822896;'),('4ike4g4p4qun8uilab7vdhpld3l9q3vo','::1',1541438631,'__ci_last_regenerate|i:1541438606;session_id|i:71;company|s:1:\"1\";logo_company|s:54:\"uploads/companies/60063365874a3663f00591da37ef3973.png\";theme|s:7:\"default\";style_header|s:14:\"navbar-default\";username|s:18:\"hrbullon@gmail.com\";profile|s:58:\"uploads/users-profile/e5b5ab6333c7a4e63ebf6a0047971f14.jpg\";roles|s:0:\"\";user_id|s:1:\"1\";expira|i:1541443129;'),('4jeucj8ub3hsjq1qkauq2fdvlhuah43j','::1',1540917915,'__ci_last_regenerate|i:1540917914;'),('4lpt00vocth08lhmpa4plqqll9l54fng','::1',1540993932,'__ci_last_regenerate|i:1540993932;session_id|i:40;username|s:18:\"hrbullon@gmail.com\";profile|s:66:\"uploads/users-profile/4f00a833ae3d3f76fc98089dc711b1592deed4b1.jpg\";roles|s:1:\",\";user_id|s:1:\"1\";expira|i:1541000755;'),('4t7t22i7mm705e47sa9e3tcp46e2vafk','::1',1540820739,'__ci_last_regenerate|i:1540820739;session_id|i:32;username|s:18:\"hrbullon@gmail.com\";profile|s:66:\"uploads/users-profile/4f00a833ae3d3f76fc98089dc711b1592deed4b1.jpg\";roles|s:0:\"\";user_id|s:1:\"1\";expira|i:1540822896;'),('5035dht3733jqsgokbfo3ruk7c4bhqp2','::1',1541176281,'__ci_last_regenerate|i:1541176281;session_id|i:66;theme|s:6:\"purple\";style_header|s:14:\"navbar-inverse\";username|s:18:\"hrbullon@gmail.com\";profile|s:58:\"uploads/users-profile/e5b5ab6333c7a4e63ebf6a0047971f14.jpg\";roles|s:0:\"\";user_id|s:1:\"1\";expira|i:1541170327;'),('529eekllt06un22j4b2t9k8fs4iirb3c','::1',1541101941,'__ci_last_regenerate|i:1541101941;session_id|i:64;theme|s:6:\"orange\";style_header|s:14:\"navbar-default\";username|s:18:\"hrbullon@gmail.com\";profile|s:58:\"uploads/users-profile/e5b5ab6333c7a4e63ebf6a0047971f14.jpg\";roles|s:0:\"\";user_id|s:1:\"1\";expira|i:1541107531;'),('557cn81rlfe0867s4b5h5hhc080dqp21','::1',1540562355,'__ci_last_regenerate|i:1540562355;session_id|i:28;username|s:18:\"hrbullon@gmail.com\";profile|s:66:\"uploads/users-profile/4f00a833ae3d3f76fc98089dc711b1592deed4b1.jpg\";roles|s:0:\"\";user_id|s:1:\"1\";expira|i:1540563749;'),('577bfb7str4lk0sshnemarr880625qt5','::1',1541186695,'__ci_last_regenerate|i:1541186695;session_id|i:67;company|i:1;theme|s:6:\"purple\";style_header|s:14:\"navbar-inverse\";username|s:18:\"hrbullon@gmail.com\";profile|s:58:\"uploads/users-profile/e5b5ab6333c7a4e63ebf6a0047971f14.jpg\";roles|s:0:\"\";user_id|s:1:\"1\";expira|i:1541193513;'),('586c9asumk4k2ohj4tdap5iq48s0nkkj','::1',1540307122,'__ci_last_regenerate|i:1540307122;session_id|i:21;username|s:18:\"hrbullon@gmail.com\";profile|s:66:\"uploads/users-profile/4f00a833ae3d3f76fc98089dc711b1592deed4b1.jpg\";roles|s:0:\"\";user_id|s:1:\"1\";expira|i:1540310484;'),('591n225q81rj7d01rndjioou2rpc6jvv','::1',1540834667,'__ci_last_regenerate|i:1540834667;session_id|i:35;username|s:18:\"hrbullon@gmail.com\";profile|s:66:\"uploads/users-profile/4f00a833ae3d3f76fc98089dc711b1592deed4b1.jpg\";roles|s:1:\",\";user_id|s:1:\"1\";expira|i:1540835447;'),('5bg8ra844111445evc8qbpos2nfjbkgs','::1',1541007499,'__ci_last_regenerate|i:1541007499;session_id|i:42;username|s:18:\"hrbullon@gmail.com\";profile|s:66:\"uploads/users-profile/4f00a833ae3d3f76fc98089dc711b1592deed4b1.jpg\";roles|s:0:\"\";user_id|s:1:\"1\";expira|i:1541007858;'),('5g5skd0dqm8ude764b0mlefva0boltqs','::1',1539972186,'__ci_last_regenerate|i:1539972186;session_id|i:15;username|s:18:\"hrbullon@gmail.com\";profile|s:66:\"uploads/users-profile/f0318ddb1e1ef44ce2d72501318d391cfcdf2dc2.jpg\";roles|s:0:\"\";user_id|s:1:\"1\";expira|i:1539976062;'),('5h8clkf1efr4hli0j5hbh37n0u20indi','::1',1541079247,'__ci_last_regenerate|i:1541079247;session_id|i:56;theme|s:4:\"blue\";username|s:18:\"hrbullon@gmail.com\";profile|s:66:\"uploads/users-profile/4f00a833ae3d3f76fc98089dc711b1592deed4b1.jpg\";roles|s:0:\"\";user_id|s:1:\"1\";expira|i:1541086138;'),('5rv7eoorrfuj5t37crrnsesimno50h70','::1',1540997003,'__ci_last_regenerate|i:1540997003;session_id|i:41;username|s:18:\"hrbullon@gmail.com\";profile|s:66:\"uploads/users-profile/4f00a833ae3d3f76fc98089dc711b1592deed4b1.jpg\";roles|s:0:\"\";user_id|s:1:\"1\";expira|i:1541002767;'),('5surojfb8iaqgo1ffh2dn0qebqovdo0j','::1',1540302638,'__ci_last_regenerate|i:1540302638;session_id|i:19;username|s:18:\"hrbullon@gmail.com\";profile|s:66:\"uploads/users-profile/4f00a833ae3d3f76fc98089dc711b1592deed4b1.jpg\";roles|s:0:\"\";user_id|s:1:\"1\";expira|i:1540308790;'),('67aa48dbk7bg0cqljksrfkf101omehlk','::1',1541422276,'__ci_last_regenerate|i:1541422276;session_id|i:68;company|i:1;theme|s:3:\"red\";style_header|s:14:\"navbar-inverse\";username|s:18:\"hrbullon@gmail.com\";profile|s:58:\"uploads/users-profile/e5b5ab6333c7a4e63ebf6a0047971f14.jpg\";roles|s:0:\"\";user_id|s:1:\"1\";expira|i:1541427359;'),('6aklplvj1mcs6l50dqhhutp0sbi6cdn1','::1',1540931642,'__ci_last_regenerate|i:1540931642;session_id|i:39;username|s:18:\"hrbullon@gmail.com\";profile|s:66:\"uploads/users-profile/4f00a833ae3d3f76fc98089dc711b1592deed4b1.jpg\";roles|s:1:\",\";user_id|s:1:\"1\";expira|i:1540934613;'),('6b026pumo05h645pkof6iqr8plui905l','::1',1540563744,'__ci_last_regenerate|i:1540563744;session_id|i:28;username|s:18:\"hrbullon@gmail.com\";profile|s:66:\"uploads/users-profile/4f00a833ae3d3f76fc98089dc711b1592deed4b1.jpg\";roles|s:0:\"\";user_id|s:1:\"1\";expira|i:1540563749;'),('6b6br6f729ss91bu7a99tde6mh05qhg3','::1',1541083051,'__ci_last_regenerate|i:1541083051;session_id|i:56;theme|s:4:\"blue\";username|s:18:\"hrbullon@gmail.com\";profile|s:66:\"uploads/users-profile/4f00a833ae3d3f76fc98089dc711b1592deed4b1.jpg\";roles|s:0:\"\";user_id|s:1:\"1\";expira|i:1541086138;'),('6fikbf2nip5tt4ruocbr1176espoi2tr','::1',1540237051,'__ci_last_regenerate|i:1540237051;session_id|i:17;username|s:18:\"hrbullon@gmail.com\";profile|s:66:\"uploads/users-profile/4f00a833ae3d3f76fc98089dc711b1592deed4b1.jpg\";roles|s:0:\"\";user_id|s:1:\"1\";expira|i:1540240598;'),('6g8thfubokm6va88cdlbd8ck5rljeqd0','::1',1540567681,'__ci_last_regenerate|i:1540567681;session_id|i:28;username|s:18:\"hrbullon@gmail.com\";profile|s:66:\"uploads/users-profile/4f00a833ae3d3f76fc98089dc711b1592deed4b1.jpg\";roles|s:0:\"\";user_id|s:1:\"1\";expira|i:1540563749;'),('6gnlo88auc34sm8s6ikd5lsh10bkmhpv','::1',1541096102,'__ci_last_regenerate|i:1541096102;session_id|i:60;theme|s:6:\"orange\";style_header|s:14:\"navbar-default\";username|s:18:\"hrbullon@gmail.com\";profile|s:66:\"uploads/users-profile/4f00a833ae3d3f76fc98089dc711b1592deed4b1.jpg\";roles|s:0:\"\";user_id|s:1:\"1\";expira|i:1541102250;'),('6rddslm4dafdfis790mksj7g8ouhcva4','::1',1541420470,'__ci_last_regenerate|i:1541420470;session_id|i:68;company|i:1;theme|s:3:\"red\";style_header|s:14:\"navbar-inverse\";username|s:18:\"hrbullon@gmail.com\";profile|s:58:\"uploads/users-profile/e5b5ab6333c7a4e63ebf6a0047971f14.jpg\";roles|s:0:\"\";user_id|s:1:\"1\";expira|i:1541427359;'),('6rn1v7op2t5enpq3qf9rq9rf2l6cd9j0','::1',1541106225,'__ci_last_regenerate|i:1541106225;session_id|i:64;theme|s:6:\"orange\";style_header|s:14:\"navbar-default\";username|s:18:\"hrbullon@gmail.com\";profile|s:58:\"uploads/users-profile/e5b5ab6333c7a4e63ebf6a0047971f14.jpg\";roles|s:0:\"\";user_id|s:1:\"1\";expira|i:1541107531;'),('6ttgqug2tetstk8pdafh0e5933bkc4uo','::1',1540238427,'__ci_last_regenerate|i:1540238427;session_id|i:17;username|s:18:\"hrbullon@gmail.com\";profile|s:66:\"uploads/users-profile/4f00a833ae3d3f76fc98089dc711b1592deed4b1.jpg\";roles|s:0:\"\";user_id|s:1:\"1\";expira|i:1540240598;'),('6v9e3ti67v1u2p622lfusvpc05b4bl41','::1',1539971213,'__ci_last_regenerate|i:1539971213;session_id|i:15;username|s:18:\"hrbullon@gmail.com\";profile|s:66:\"uploads/users-profile/f0318ddb1e1ef44ce2d72501318d391cfcdf2dc2.jpg\";roles|s:0:\"\";user_id|s:1:\"1\";expira|i:1539976062;'),('6vtmpsu27ddo4f21ql5thhcm39at0j7c','::1',1541100683,'__ci_last_regenerate|i:1541100683;session_id|i:64;theme|s:6:\"orange\";style_header|s:14:\"navbar-default\";username|s:18:\"hrbullon@gmail.com\";profile|s:58:\"uploads/users-profile/e5b5ab6333c7a4e63ebf6a0047971f14.jpg\";roles|s:0:\"\";user_id|s:1:\"1\";expira|i:1541107531;'),('7516uusai9mp75f9j492rqlqeitr42kt','::1',1540239791,'__ci_last_regenerate|i:1540239416;session_id|i:17;username|s:18:\"hrbullon@gmail.com\";profile|s:66:\"uploads/users-profile/4f00a833ae3d3f76fc98089dc711b1592deed4b1.jpg\";roles|s:0:\"\";user_id|s:1:\"1\";expira|i:1540240598;'),('75g8era7klcp65qmcv4i23k8p0rg0l1d','::1',1540233678,'__ci_last_regenerate|i:1540233678;session_id|i:17;username|s:18:\"hrbullon@gmail.com\";profile|s:66:\"uploads/users-profile/4f00a833ae3d3f76fc98089dc711b1592deed4b1.jpg\";roles|s:0:\"\";user_id|s:1:\"1\";expira|i:1540240598;'),('75o16eir2q7fh3021g2330okdumeli2r','::1',1540556465,'__ci_last_regenerate|i:1540556465;session_id|i:24;username|s:18:\"hrbullon@gmail.com\";profile|s:66:\"uploads/users-profile/4f00a833ae3d3f76fc98089dc711b1592deed4b1.jpg\";roles|s:0:\"\";user_id|s:1:\"1\";expira|i:1540562771;'),('7e6cvuflgpa0sbsnum9bdrbipclp8gqe','::1',1540929296,'__ci_last_regenerate|i:1540929296;session_id|i:39;username|s:18:\"hrbullon@gmail.com\";profile|s:66:\"uploads/users-profile/4f00a833ae3d3f76fc98089dc711b1592deed4b1.jpg\";roles|s:1:\",\";user_id|s:1:\"1\";expira|i:1540934613;'),('7fd7fbfaodle2jllqapegg1q1910nl8p','::1',1540903793,'__ci_last_regenerate|i:1540903793;session_id|i:38;username|s:18:\"hrbullon@gmail.com\";profile|s:66:\"uploads/users-profile/4f00a833ae3d3f76fc98089dc711b1592deed4b1.jpg\";roles|s:1:\",\";user_id|s:1:\"1\";expira|i:1540910348;'),('7fdiljl86ftk9omh156qu6cli4d0ekch','::1',1541184774,'__ci_last_regenerate|i:1541184774;session_id|i:66;theme|s:6:\"purple\";style_header|s:14:\"navbar-inverse\";username|s:18:\"hrbullon@gmail.com\";profile|s:58:\"uploads/users-profile/e5b5ab6333c7a4e63ebf6a0047971f14.jpg\";roles|s:0:\"\";user_id|s:1:\"1\";expira|i:1541170327;'),('7gusprtr0etctpijlhsa3n2crjtglnp1','::1',1541435919,'__ci_last_regenerate|i:1541435919;session_id|i:70;company|s:1:\"1\";theme|s:0:\"\";style_header|s:14:\"navbar-default\";username|s:18:\"hrbullon@gmail.com\";profile|s:58:\"uploads/users-profile/e5b5ab6333c7a4e63ebf6a0047971f14.jpg\";roles|s:0:\"\";user_id|s:1:\"1\";expira|i:1541434959;'),('7ln541lqo00o0regttq5b498k8srqotb','::1',1541100207,'__ci_last_regenerate|i:1541100207;session_id|i:62;theme|s:6:\"orange\";style_header|s:14:\"navbar-default\";username|s:18:\"hrbullon@gmail.com\";profile|s:58:\"uploads/users-profile/0e2797a6def4ff6027506e19dea37296.jpg\";roles|s:0:\"\";user_id|s:1:\"1\";expira|i:1541106852;'),('7ps86grtbliruoatlt7h49cv3urc0k08','::1',1540235468,'__ci_last_regenerate|i:1540235468;session_id|i:17;username|s:18:\"hrbullon@gmail.com\";profile|s:66:\"uploads/users-profile/4f00a833ae3d3f76fc98089dc711b1592deed4b1.jpg\";roles|s:0:\"\";user_id|s:1:\"1\";expira|i:1540240598;'),('7pujldecltvnl53ar389n6i3f5h4rksv','::1',1540575410,'__ci_last_regenerate|i:1540575410;session_id|i:28;username|s:18:\"hrbullon@gmail.com\";profile|s:66:\"uploads/users-profile/4f00a833ae3d3f76fc98089dc711b1592deed4b1.jpg\";roles|s:0:\"\";user_id|s:1:\"1\";expira|i:1540563749;'),('7r64dqokmet1gq8i7oplelqg3vb9usr4','::1',1541085964,'__ci_last_regenerate|i:1541085964;session_id|i:56;theme|s:4:\"blue\";username|s:18:\"hrbullon@gmail.com\";profile|s:66:\"uploads/users-profile/4f00a833ae3d3f76fc98089dc711b1592deed4b1.jpg\";roles|s:0:\"\";user_id|s:1:\"1\";expira|i:1541086138;'),('7t84uegdps7bb6f4panclpdk8qhb7r26','::1',1541161332,'__ci_last_regenerate|i:1541161332;session_id|i:65;theme|s:6:\"orange\";style_header|s:14:\"navbar-default\";username|s:18:\"hrbullon@gmail.com\";profile|s:58:\"uploads/users-profile/e5b5ab6333c7a4e63ebf6a0047971f14.jpg\";roles|s:0:\"\";user_id|s:1:\"1\";expira|i:1541167864;'),('7uof9toabcdra190kv4g17a51emid0qs','::1',1540238761,'__ci_last_regenerate|i:1540238761;session_id|i:17;username|s:18:\"hrbullon@gmail.com\";profile|s:66:\"uploads/users-profile/4f00a833ae3d3f76fc98089dc711b1592deed4b1.jpg\";roles|s:0:\"\";user_id|s:1:\"1\";expira|i:1540240598;'),('822t6b9o6e3q1p7s6fri7d4sh6va15ch','::1',1541180514,'__ci_last_regenerate|i:1541180514;session_id|i:66;theme|s:6:\"purple\";style_header|s:14:\"navbar-inverse\";username|s:18:\"hrbullon@gmail.com\";profile|s:58:\"uploads/users-profile/e5b5ab6333c7a4e63ebf6a0047971f14.jpg\";roles|s:0:\"\";user_id|s:1:\"1\";expira|i:1541170327;'),('88a1igfvephpsat6m9qnos1eacoavoaa','::1',1541189371,'__ci_last_regenerate|i:1541189371;session_id|i:67;company|i:1;theme|s:6:\"purple\";style_header|s:14:\"navbar-inverse\";username|s:18:\"hrbullon@gmail.com\";profile|s:58:\"uploads/users-profile/e5b5ab6333c7a4e63ebf6a0047971f14.jpg\";roles|s:0:\"\";user_id|s:1:\"1\";expira|i:1541193513;'),('89qf48hq8rpja7s9oc3f0db1pnbto8sa','::1',1541187403,'__ci_last_regenerate|i:1541187403;session_id|i:67;company|i:1;theme|s:6:\"purple\";style_header|s:14:\"navbar-inverse\";username|s:18:\"hrbullon@gmail.com\";profile|s:58:\"uploads/users-profile/e5b5ab6333c7a4e63ebf6a0047971f14.jpg\";roles|s:0:\"\";user_id|s:1:\"1\";expira|i:1541193513;'),('8d2toob93uu3muo8unk007m1541dq0ne','::1',1541001582,'__ci_last_regenerate|i:1541001582;session_id|i:42;username|s:18:\"hrbullon@gmail.com\";profile|s:66:\"uploads/users-profile/4f00a833ae3d3f76fc98089dc711b1592deed4b1.jpg\";roles|s:0:\"\";user_id|s:1:\"1\";expira|i:1541007858;'),('8i5r0tc7lov314b1rpf5m148b9v24g63','::1',1541188340,'__ci_last_regenerate|i:1541188340;session_id|i:67;company|i:1;theme|s:6:\"purple\";style_header|s:14:\"navbar-inverse\";username|s:18:\"hrbullon@gmail.com\";profile|s:58:\"uploads/users-profile/e5b5ab6333c7a4e63ebf6a0047971f14.jpg\";roles|s:0:\"\";user_id|s:1:\"1\";expira|i:1541193513;'),('8krk33obojq5hlh527m1008murjgi3pf','::1',1540554883,'__ci_last_regenerate|i:1540554883;session_id|i:23;username|s:18:\"hrbullon@gmail.com\";profile|s:66:\"uploads/users-profile/4f00a833ae3d3f76fc98089dc711b1592deed4b1.jpg\";roles|s:0:\"\";user_id|s:1:\"1\";expira|i:1540561044;'),('8r23di2efe4tk158aejglughe8astrnr','::1',1540564120,'__ci_last_regenerate|i:1540564120;session_id|i:28;username|s:18:\"hrbullon@gmail.com\";profile|s:66:\"uploads/users-profile/4f00a833ae3d3f76fc98089dc711b1592deed4b1.jpg\";roles|s:0:\"\";user_id|s:1:\"1\";expira|i:1540563749;'),('8snoejrl56b0bja8jkd2lugfn4chlk1o','::1',1541192424,'__ci_last_regenerate|i:1541192424;'),('8uqm25t773nskl3kg4vgqmkb9hnqa52h','::1',1540581696,'__ci_last_regenerate|i:1540581696;session_id|i:28;username|s:18:\"hrbullon@gmail.com\";profile|s:66:\"uploads/users-profile/4f00a833ae3d3f76fc98089dc711b1592deed4b1.jpg\";roles|s:0:\"\";user_id|s:1:\"1\";expira|i:1540563749;'),('911v93m9hqjgqfqhoqh9rdemi8jb868v','::1',1540580873,'__ci_last_regenerate|i:1540580873;session_id|i:28;username|s:18:\"hrbullon@gmail.com\";profile|s:66:\"uploads/users-profile/4f00a833ae3d3f76fc98089dc711b1592deed4b1.jpg\";roles|s:0:\"\";user_id|s:1:\"1\";expira|i:1540563749;'),('92i2166fk8qq5t9uoh0prr2ak7iiti64','::1',1541175728,'__ci_last_regenerate|i:1541175728;session_id|i:66;theme|s:6:\"purple\";style_header|s:14:\"navbar-inverse\";username|s:18:\"hrbullon@gmail.com\";profile|s:58:\"uploads/users-profile/e5b5ab6333c7a4e63ebf6a0047971f14.jpg\";roles|s:0:\"\";user_id|s:1:\"1\";expira|i:1541170327;'),('9385e4d9vqg12id8vkpuvn0g2lid9mo9','::1',1539975957,'__ci_last_regenerate|i:1539975957;session_id|i:15;username|s:18:\"hrbullon@gmail.com\";profile|s:66:\"uploads/users-profile/f0318ddb1e1ef44ce2d72501318d391cfcdf2dc2.jpg\";roles|s:0:\"\";user_id|s:1:\"1\";expira|i:1539976062;'),('93fdl2aoqtd9ptr1g9i47jppcbfr741u','::1',1540307598,'__ci_last_regenerate|i:1540307598;session_id|i:21;username|s:18:\"hrbullon@gmail.com\";profile|s:66:\"uploads/users-profile/4f00a833ae3d3f76fc98089dc711b1592deed4b1.jpg\";roles|s:0:\"\";user_id|s:1:\"1\";expira|i:1540310484;'),('95mafptrvdou5gqiet6eamdbm734ts6e','::1',1539973387,'__ci_last_regenerate|i:1539973387;session_id|i:15;username|s:18:\"hrbullon@gmail.com\";profile|s:66:\"uploads/users-profile/f0318ddb1e1ef44ce2d72501318d391cfcdf2dc2.jpg\";roles|s:0:\"\";user_id|s:1:\"1\";expira|i:1539976062;'),('9916e5ltvob6kqd3rmsc7jmcmkstbk28','::1',1540307915,'__ci_last_regenerate|i:1540307915;session_id|i:21;username|s:18:\"hrbullon@gmail.com\";profile|s:66:\"uploads/users-profile/4f00a833ae3d3f76fc98089dc711b1592deed4b1.jpg\";roles|s:0:\"\";user_id|s:1:\"1\";expira|i:1540310484;'),('9q68kiorrk6016j8kju0loqubc46su9s','::1',1541084590,'__ci_last_regenerate|i:1541084590;session_id|i:56;theme|s:4:\"blue\";username|s:18:\"hrbullon@gmail.com\";profile|s:66:\"uploads/users-profile/4f00a833ae3d3f76fc98089dc711b1592deed4b1.jpg\";roles|s:0:\"\";user_id|s:1:\"1\";expira|i:1541086138;'),('9sct3594qaqj69jeidoal7inpabhiefp','::1',1541175144,'__ci_last_regenerate|i:1541175144;session_id|i:66;theme|s:6:\"purple\";style_header|s:14:\"navbar-inverse\";username|s:18:\"hrbullon@gmail.com\";profile|s:58:\"uploads/users-profile/e5b5ab6333c7a4e63ebf6a0047971f14.jpg\";roles|s:0:\"\";user_id|s:1:\"1\";expira|i:1541170327;'),('a59217fbpqqkpeg5beub26k2rgt3f5c2','::1',1541433643,'__ci_last_regenerate|i:1541433643;session_id|i:70;company|s:1:\"1\";theme|s:3:\"red\";style_header|s:14:\"navbar-inverse\";username|s:18:\"hrbullon@gmail.com\";profile|s:58:\"uploads/users-profile/e5b5ab6333c7a4e63ebf6a0047971f14.jpg\";roles|s:0:\"\";user_id|s:1:\"1\";expira|i:1541434959;'),('a7a0c5n7mbvh2g1lcl3fpdj3bnh3k7f8','::1',1541185183,'__ci_last_regenerate|i:1541185183;session_id|i:66;theme|s:6:\"purple\";style_header|s:14:\"navbar-inverse\";username|s:18:\"hrbullon@gmail.com\";profile|s:58:\"uploads/users-profile/e5b5ab6333c7a4e63ebf6a0047971f14.jpg\";roles|s:0:\"\";user_id|s:1:\"1\";expira|i:1541170327;'),('aac0ot2kr8305h46vhjasa53ggj4s452','::1',1541000696,'__ci_last_regenerate|i:1541000696;'),('ac7u0hfkme923c6tbqvfkdhr6bbbdcnj','::1',1541184354,'__ci_last_regenerate|i:1541184354;session_id|i:66;theme|s:6:\"purple\";style_header|s:14:\"navbar-inverse\";username|s:18:\"hrbullon@gmail.com\";profile|s:58:\"uploads/users-profile/e5b5ab6333c7a4e63ebf6a0047971f14.jpg\";roles|s:0:\"\";user_id|s:1:\"1\";expira|i:1541170327;'),('afs1fqp7jsn7ge2el722hh7rfh3utlp2','::1',1541190336,'__ci_last_regenerate|i:1541190336;session_id|i:67;company|i:1;theme|s:3:\"red\";style_header|s:14:\"navbar-inverse\";username|s:18:\"hrbullon@gmail.com\";profile|s:58:\"uploads/users-profile/e5b5ab6333c7a4e63ebf6a0047971f14.jpg\";roles|s:0:\"\";user_id|s:1:\"1\";expira|i:1541193513;'),('ami2bqt973oqrlrb34bfl3oh29srud3v','::1',1541170752,'__ci_last_regenerate|i:1541170752;session_id|i:66;theme|s:6:\"purple\";style_header|s:14:\"navbar-inverse\";username|s:18:\"hrbullon@gmail.com\";profile|s:58:\"uploads/users-profile/e5b5ab6333c7a4e63ebf6a0047971f14.jpg\";roles|s:0:\"\";user_id|s:1:\"1\";expira|i:1541170327;'),('ap2hdsid3hmg90339omjps135mldd00a','::1',1540839970,'__ci_last_regenerate|i:1540839970;session_id|i:35;username|s:18:\"hrbullon@gmail.com\";profile|s:66:\"uploads/users-profile/4f00a833ae3d3f76fc98089dc711b1592deed4b1.jpg\";roles|s:1:\",\";user_id|s:1:\"1\";expira|i:1540835447;'),('aq3lqol58cvh2p134ah8kjeup7qvveb0','::1',1541180951,'__ci_last_regenerate|i:1541180951;session_id|i:66;theme|s:6:\"purple\";style_header|s:14:\"navbar-inverse\";username|s:18:\"hrbullon@gmail.com\";profile|s:58:\"uploads/users-profile/e5b5ab6333c7a4e63ebf6a0047971f14.jpg\";roles|s:0:\"\";user_id|s:1:\"1\";expira|i:1541170327;'),('as0ds4e022l1bdntak3t2lmjnacrj3fn','::1',1541435529,'__ci_last_regenerate|i:1541435529;session_id|i:70;company|s:1:\"1\";theme|s:0:\"\";style_header|s:14:\"navbar-default\";username|s:18:\"hrbullon@gmail.com\";profile|s:58:\"uploads/users-profile/e5b5ab6333c7a4e63ebf6a0047971f14.jpg\";roles|s:0:\"\";user_id|s:1:\"1\";expira|i:1541434959;'),('b1mkgdh3763rdlu1hvcpl4je8g4egfpd','::1',1541015277,'__ci_last_regenerate|i:1541015277;session_id|i:42;username|s:18:\"hrbullon@gmail.com\";profile|s:66:\"uploads/users-profile/4f00a833ae3d3f76fc98089dc711b1592deed4b1.jpg\";roles|s:0:\"\";user_id|s:1:\"1\";expira|i:1541007858;'),('b7u913gjfik0rqd34m8t801qmnlv5i53','::1',1541010565,'__ci_last_regenerate|i:1541010565;session_id|i:42;username|s:18:\"hrbullon@gmail.com\";profile|s:66:\"uploads/users-profile/4f00a833ae3d3f76fc98089dc711b1592deed4b1.jpg\";roles|s:0:\"\";user_id|s:1:\"1\";expira|i:1541007858;'),('b9b94ajjjicoklgg104tmvhh4irusc53','::1',1540322210,'__ci_last_regenerate|i:1540322210;session_id|i:21;username|s:18:\"hrbullon@gmail.com\";profile|s:66:\"uploads/users-profile/4f00a833ae3d3f76fc98089dc711b1592deed4b1.jpg\";roles|s:0:\"\";user_id|s:1:\"1\";expira|i:1540310484;'),('befjt6dl4vqtgafe2llj0bmivn0f7uf3','::1',1539974273,'__ci_last_regenerate|i:1539974273;session_id|i:15;username|s:18:\"hrbullon@gmail.com\";profile|s:66:\"uploads/users-profile/f0318ddb1e1ef44ce2d72501318d391cfcdf2dc2.jpg\";roles|s:0:\"\";user_id|s:1:\"1\";expira|i:1539976062;'),('bet1blnsr8evu43pfqcairmpchl9n9rs','::1',1541174540,'__ci_last_regenerate|i:1541174540;session_id|i:66;theme|s:6:\"purple\";style_header|s:14:\"navbar-inverse\";username|s:18:\"hrbullon@gmail.com\";profile|s:58:\"uploads/users-profile/e5b5ab6333c7a4e63ebf6a0047971f14.jpg\";roles|s:0:\"\";user_id|s:1:\"1\";expira|i:1541170327;'),('bi4f1cnamrtvpcjpm4n60givf8tptb6n','::1',1539977432,'__ci_last_regenerate|i:1539977432;session_id|i:15;username|s:18:\"hrbullon@gmail.com\";profile|s:66:\"uploads/users-profile/f0318ddb1e1ef44ce2d72501318d391cfcdf2dc2.jpg\";roles|s:0:\"\";user_id|s:1:\"1\";expira|i:1539976062;'),('bif7rr27hjmi0juivbv4994bmm0hqifd','::1',1540501943,'__ci_last_regenerate|i:1540501943;session_id|i:22;username|s:18:\"hrbullon@gmail.com\";profile|s:66:\"uploads/users-profile/4f00a833ae3d3f76fc98089dc711b1592deed4b1.jpg\";roles|s:0:\"\";user_id|s:1:\"1\";expira|i:1540504282;'),('bkvb24jf6cqglb8aqd39mvp2jm94c9in','::1',1541432611,'__ci_last_regenerate|i:1541432611;session_id|i:70;company|s:1:\"1\";theme|s:3:\"red\";style_header|s:14:\"navbar-inverse\";username|s:18:\"hrbullon@gmail.com\";profile|s:58:\"uploads/users-profile/e5b5ab6333c7a4e63ebf6a0047971f14.jpg\";roles|s:0:\"\";user_id|s:1:\"1\";expira|i:1541434959;'),('btdbs5foq0i9p7ibblgfhc5ocheusv9s','::1',1540501954,'__ci_last_regenerate|i:1540501943;session_id|i:22;username|s:18:\"hrbullon@gmail.com\";profile|s:66:\"uploads/users-profile/4f00a833ae3d3f76fc98089dc711b1592deed4b1.jpg\";roles|s:0:\"\";user_id|s:1:\"1\";expira|i:1540504282;'),('c11k9sjljn1jo6roh8nupj02corier45','::1',1541085628,'__ci_last_regenerate|i:1541085628;session_id|i:56;theme|s:4:\"blue\";username|s:18:\"hrbullon@gmail.com\";profile|s:66:\"uploads/users-profile/4f00a833ae3d3f76fc98089dc711b1592deed4b1.jpg\";roles|s:0:\"\";user_id|s:1:\"1\";expira|i:1541086138;'),('c1s9uqbitvcu6jsuhio7rguoh95f9q19','::1',1540576679,'__ci_last_regenerate|i:1540576679;session_id|i:28;username|s:18:\"hrbullon@gmail.com\";profile|s:66:\"uploads/users-profile/4f00a833ae3d3f76fc98089dc711b1592deed4b1.jpg\";roles|s:0:\"\";user_id|s:1:\"1\";expira|i:1540563749;'),('c5j0sk2p44fbm8cou12r53o3jrvvn3e3','::1',1540497798,'__ci_last_regenerate|i:1540497798;session_id|i:22;username|s:18:\"hrbullon@gmail.com\";profile|s:66:\"uploads/users-profile/4f00a833ae3d3f76fc98089dc711b1592deed4b1.jpg\";roles|s:0:\"\";user_id|s:1:\"1\";expira|i:1540504282;'),('ccrrfumm1ovr89iq9oadhinlvo5cao1d','::1',1541172579,'__ci_last_regenerate|i:1541172579;session_id|i:66;theme|s:6:\"purple\";style_header|s:14:\"navbar-inverse\";username|s:18:\"hrbullon@gmail.com\";profile|s:58:\"uploads/users-profile/e5b5ab6333c7a4e63ebf6a0047971f14.jpg\";roles|s:0:\"\";user_id|s:1:\"1\";expira|i:1541170327;'),('cd5r15ssg9dgbtarfbq2j7hhdb884bss','::1',1541085223,'__ci_last_regenerate|i:1541085223;session_id|i:56;theme|s:4:\"blue\";username|s:18:\"hrbullon@gmail.com\";profile|s:66:\"uploads/users-profile/4f00a833ae3d3f76fc98089dc711b1592deed4b1.jpg\";roles|s:0:\"\";user_id|s:1:\"1\";expira|i:1541086138;'),('cd6r90khhvumu7st3vdd9ume89ddqica','::1',1540501579,'__ci_last_regenerate|i:1540501579;session_id|i:22;username|s:18:\"hrbullon@gmail.com\";profile|s:66:\"uploads/users-profile/4f00a833ae3d3f76fc98089dc711b1592deed4b1.jpg\";roles|s:0:\"\";user_id|s:1:\"1\";expira|i:1540504282;'),('ci5vje8iopkh1cvahcoeunnfvm5fk8b6','::1',1540903460,'__ci_last_regenerate|i:1540903460;session_id|i:38;username|s:18:\"hrbullon@gmail.com\";profile|s:66:\"uploads/users-profile/4f00a833ae3d3f76fc98089dc711b1592deed4b1.jpg\";roles|s:1:\",\";user_id|s:1:\"1\";expira|i:1540910348;'),('cjflduc1buddhmhed2ps6n2kmu36n0e4','::1',1541428303,'__ci_last_regenerate|i:1541428303;session_id|i:70;company|s:1:\"1\";theme|s:3:\"red\";style_header|s:14:\"navbar-inverse\";username|s:18:\"hrbullon@gmail.com\";profile|s:58:\"uploads/users-profile/e5b5ab6333c7a4e63ebf6a0047971f14.jpg\";roles|s:0:\"\";user_id|s:1:\"1\";expira|i:1541434959;'),('clo4oapfj13kfhu85c09d07jgnsuaiib','::1',1541103277,'__ci_last_regenerate|i:1541103277;session_id|i:64;theme|s:6:\"orange\";style_header|s:14:\"navbar-default\";username|s:18:\"hrbullon@gmail.com\";profile|s:58:\"uploads/users-profile/e5b5ab6333c7a4e63ebf6a0047971f14.jpg\";roles|s:0:\"\";user_id|s:1:\"1\";expira|i:1541107531;'),('cnvcvatva3v3vlisen2qiiqvhemcvptt','::1',1540584124,'__ci_last_regenerate|i:1540584124;session_id|i:29;username|s:18:\"hrbullon@gmail.com\";profile|s:66:\"uploads/users-profile/4f00a833ae3d3f76fc98089dc711b1592deed4b1.jpg\";roles|s:0:\"\";user_id|s:1:\"1\";expira|i:1540588984;'),('cs5thm9s0f250uef9btcjaemjsnsl7ek','::1',1541174205,'__ci_last_regenerate|i:1541174205;session_id|i:66;theme|s:6:\"purple\";style_header|s:14:\"navbar-inverse\";username|s:18:\"hrbullon@gmail.com\";profile|s:58:\"uploads/users-profile/e5b5ab6333c7a4e63ebf6a0047971f14.jpg\";roles|s:0:\"\";user_id|s:1:\"1\";expira|i:1541170327;'),('csr46v24d3j2s06apvflbok57e09t71h','::1',1539969879,'__ci_last_regenerate|i:1539969879;session_id|i:15;username|s:18:\"hrbullon@gmail.com\";profile|s:66:\"uploads/users-profile/f0318ddb1e1ef44ce2d72501318d391cfcdf2dc2.jpg\";roles|s:0:\"\";user_id|s:1:\"1\";expira|i:1539976062;'),('cvlq5clnek95e39r6ckm1ala91uho68g','::1',1539969162,'__ci_last_regenerate|i:1539969162;session_id|i:15;username|s:18:\"hrbullon@gmail.com\";profile|s:66:\"uploads/users-profile/f0318ddb1e1ef44ce2d72501318d391cfcdf2dc2.jpg\";roles|s:0:\"\";user_id|s:1:\"1\";expira|i:1539976062;'),('d0f8goa944i4ohl0h3a7r7a141a5b3d5','::1',1541079840,'__ci_last_regenerate|i:1541079840;session_id|i:56;theme|s:4:\"blue\";username|s:18:\"hrbullon@gmail.com\";profile|s:66:\"uploads/users-profile/4f00a833ae3d3f76fc98089dc711b1592deed4b1.jpg\";roles|s:0:\"\";user_id|s:1:\"1\";expira|i:1541086138;'),('d1bqc8qfktg059qi3q6m9f1mi43mdgr2','::1',1541103581,'__ci_last_regenerate|i:1541103581;session_id|i:64;theme|s:6:\"orange\";style_header|s:14:\"navbar-default\";username|s:18:\"hrbullon@gmail.com\";profile|s:58:\"uploads/users-profile/e5b5ab6333c7a4e63ebf6a0047971f14.jpg\";roles|s:0:\"\";user_id|s:1:\"1\";expira|i:1541107531;'),('d2p7dtm7ufsj27imse5pqj6atacqnudf','::1',1541427400,'__ci_last_regenerate|i:1541427400;session_id|i:68;company|i:1;theme|s:3:\"red\";style_header|s:14:\"navbar-inverse\";username|s:18:\"hrbullon@gmail.com\";profile|s:58:\"uploads/users-profile/e5b5ab6333c7a4e63ebf6a0047971f14.jpg\";roles|s:0:\"\";user_id|s:1:\"1\";expira|i:1541427359;'),('d7cjcft4kdn0nbso01oujjsnd2qcfho5','::1',1540235105,'__ci_last_regenerate|i:1540235105;session_id|i:17;username|s:18:\"hrbullon@gmail.com\";profile|s:66:\"uploads/users-profile/4f00a833ae3d3f76fc98089dc711b1592deed4b1.jpg\";roles|s:0:\"\";user_id|s:1:\"1\";expira|i:1540240598;'),('df4fl1rbsqjlvgkatv2qoq43agjov7d4','::1',1540217659,'__ci_last_regenerate|i:1540217503;session_id|i:16;username|s:18:\"hrbullon@gmail.com\";profile|s:66:\"uploads/users-profile/4f00a833ae3d3f76fc98089dc711b1592deed4b1.jpg\";roles|s:0:\"\";user_id|s:1:\"1\";expira|i:1540220892;'),('dqc8mgaaqt54pbu1i3jgbm01501qd7o1','::1',1540820290,'__ci_last_regenerate|i:1540820290;session_id|i:32;username|s:18:\"hrbullon@gmail.com\";profile|s:66:\"uploads/users-profile/4f00a833ae3d3f76fc98089dc711b1592deed4b1.jpg\";roles|s:0:\"\";user_id|s:1:\"1\";expira|i:1540822896;'),('dqh3bo6n7qjd6vgs1r7n1lg791odeiri','::1',1540566605,'__ci_last_regenerate|i:1540566605;session_id|i:28;username|s:18:\"hrbullon@gmail.com\";profile|s:66:\"uploads/users-profile/4f00a833ae3d3f76fc98089dc711b1592deed4b1.jpg\";roles|s:0:\"\";user_id|s:1:\"1\";expira|i:1540563749;'),('dsnarlmsr62mvl79vph9pfr509pk9cvr','::1',1540234712,'__ci_last_regenerate|i:1540234712;session_id|i:17;username|s:18:\"hrbullon@gmail.com\";profile|s:66:\"uploads/users-profile/4f00a833ae3d3f76fc98089dc711b1592deed4b1.jpg\";roles|s:0:\"\";user_id|s:1:\"1\";expira|i:1540240598;'),('dtqrcbmflqanvle4dtq1j0scikq7lfln','::1',1541166989,'__ci_last_regenerate|i:1541166989;session_id|i:66;theme|s:6:\"purple\";style_header|s:14:\"navbar-inverse\";username|s:18:\"hrbullon@gmail.com\";profile|s:58:\"uploads/users-profile/e5b5ab6333c7a4e63ebf6a0047971f14.jpg\";roles|s:0:\"\";user_id|s:1:\"1\";expira|i:1541170327;'),('dus22hireusve77maqab8il30ot13rcv','::1',1540217503,'__ci_last_regenerate|i:1540217503;session_id|i:16;username|s:18:\"hrbullon@gmail.com\";profile|s:66:\"uploads/users-profile/4f00a833ae3d3f76fc98089dc711b1592deed4b1.jpg\";roles|s:0:\"\";user_id|s:1:\"1\";expira|i:1540220892;'),('e12ji6i58p564fppqlldq52gsbi77f2e','::1',1540840921,'__ci_last_regenerate|i:1540840921;session_id|i:37;username|s:18:\"hrbullon@gmail.com\";profile|s:66:\"uploads/users-profile/4f00a833ae3d3f76fc98089dc711b1592deed4b1.jpg\";roles|s:1:\",\";user_id|s:1:\"1\";expira|i:1540847222;'),('e2o6c839vvdn64pevgs7fl41c2kpsn4k','::1',1540578406,'__ci_last_regenerate|i:1540578406;session_id|i:28;username|s:18:\"hrbullon@gmail.com\";profile|s:66:\"uploads/users-profile/4f00a833ae3d3f76fc98089dc711b1592deed4b1.jpg\";roles|s:0:\"\";user_id|s:1:\"1\";expira|i:1540563749;'),('e6v65t0ccjr65gknlo18tru4ja5oljul','::1',1541425596,'__ci_last_regenerate|i:1541425596;session_id|i:68;company|i:1;theme|s:3:\"red\";style_header|s:14:\"navbar-inverse\";username|s:18:\"hrbullon@gmail.com\";profile|s:58:\"uploads/users-profile/e5b5ab6333c7a4e63ebf6a0047971f14.jpg\";roles|s:0:\"\";user_id|s:1:\"1\";expira|i:1541427359;'),('e83c7u8a44c5a8s06mbedld0lfq4l9c6','::1',1540498608,'__ci_last_regenerate|i:1540498608;session_id|i:22;username|s:18:\"hrbullon@gmail.com\";profile|s:66:\"uploads/users-profile/4f00a833ae3d3f76fc98089dc711b1592deed4b1.jpg\";roles|s:0:\"\";user_id|s:1:\"1\";expira|i:1540504282;'),('ef1pjdmvh7v0bcp068sgje0crfppp1m9','::1',1541099607,'__ci_last_regenerate|i:1541099607;session_id|i:61;theme|s:6:\"orange\";style_header|s:14:\"navbar-default\";username|s:18:\"hrbullon@gmail.com\";profile|s:66:\"uploads/users-profile/4f00a833ae3d3f76fc98089dc711b1592deed4b1.jpg\";roles|s:0:\"\";user_id|s:1:\"1\";expira|i:1541103306;'),('eifvpo4gmenqcbksevpk1a9pirundaa7','::1',1540317755,'__ci_last_regenerate|i:1540317755;session_id|i:21;username|s:18:\"hrbullon@gmail.com\";profile|s:66:\"uploads/users-profile/4f00a833ae3d3f76fc98089dc711b1592deed4b1.jpg\";roles|s:0:\"\";user_id|s:1:\"1\";expira|i:1540310484;'),('eivbjris9g2b2mjg74vk0l6l3dp0fppl','::1',1541102564,'__ci_last_regenerate|i:1541102564;session_id|i:64;theme|s:6:\"orange\";style_header|s:14:\"navbar-default\";username|s:18:\"hrbullon@gmail.com\";profile|s:58:\"uploads/users-profile/e5b5ab6333c7a4e63ebf6a0047971f14.jpg\";roles|s:0:\"\";user_id|s:1:\"1\";expira|i:1541107531;'),('eldt0soo0pipsg80cb754hkd5r34tcvj','::1',1541018987,'__ci_last_regenerate|i:1541018908;session_id|i:55;theme|s:4:\"blue\";username|s:18:\"hrbullon@gmail.com\";profile|s:66:\"uploads/users-profile/4f00a833ae3d3f76fc98089dc711b1592deed4b1.jpg\";roles|s:0:\"\";user_id|s:1:\"1\";expira|i:1541026113;'),('enc8l26vvbqd06r7qru0gs06tncu9qum','::1',1540993548,'__ci_last_regenerate|i:1540993547;'),('f38qmn1cj8biflsjumbrp8m1nke2rcip','::1',1540562729,'__ci_last_regenerate|i:1540562729;session_id|i:28;username|s:18:\"hrbullon@gmail.com\";profile|s:66:\"uploads/users-profile/4f00a833ae3d3f76fc98089dc711b1592deed4b1.jpg\";roles|s:0:\"\";user_id|s:1:\"1\";expira|i:1540563749;'),('fa0fuegvi3p75nrn2hlb7kal8n36od5n','::1',1540562038,'__ci_last_regenerate|i:1540562038;session_id|i:28;username|s:18:\"hrbullon@gmail.com\";profile|s:66:\"uploads/users-profile/4f00a833ae3d3f76fc98089dc711b1592deed4b1.jpg\";roles|s:0:\"\";user_id|s:1:\"1\";expira|i:1540563749;'),('fccbdqpsl8enuvl0foo8hvokn9e8h2l6','::1',1541102913,'__ci_last_regenerate|i:1541102913;session_id|i:64;theme|s:6:\"orange\";style_header|s:14:\"navbar-default\";username|s:18:\"hrbullon@gmail.com\";profile|s:58:\"uploads/users-profile/e5b5ab6333c7a4e63ebf6a0047971f14.jpg\";roles|s:0:\"\";user_id|s:1:\"1\";expira|i:1541107531;'),('fcgum944msjqimbgohprioml6guoio2p','::1',1540213691,'__ci_last_regenerate|i:1540213691;'),('fhc921qeghkqjupl4vk51r953k8somqg','::1',1541424351,'__ci_last_regenerate|i:1541424351;session_id|i:68;company|i:1;theme|s:3:\"red\";style_header|s:14:\"navbar-inverse\";username|s:18:\"hrbullon@gmail.com\";profile|s:58:\"uploads/users-profile/e5b5ab6333c7a4e63ebf6a0047971f14.jpg\";roles|s:0:\"\";user_id|s:1:\"1\";expira|i:1541427359;'),('fnaolv765ro87gm2aqk87381okjpdg83','::1',1540497368,'__ci_last_regenerate|i:1540497368;session_id|i:22;username|s:18:\"hrbullon@gmail.com\";profile|s:66:\"uploads/users-profile/4f00a833ae3d3f76fc98089dc711b1592deed4b1.jpg\";roles|s:0:\"\";user_id|s:1:\"1\";expira|i:1540504282;'),('fndfhtoskip6omu968df64foqdttjoka','::1',1541084913,'__ci_last_regenerate|i:1541084913;session_id|i:56;theme|s:4:\"blue\";username|s:18:\"hrbullon@gmail.com\";profile|s:66:\"uploads/users-profile/4f00a833ae3d3f76fc98089dc711b1592deed4b1.jpg\";roles|s:0:\"\";user_id|s:1:\"1\";expira|i:1541086138;'),('g0s9v9hf2uink0mhq1sbsdpgblib1o9e','::1',1540319937,'__ci_last_regenerate|i:1540319937;session_id|i:21;username|s:18:\"hrbullon@gmail.com\";profile|s:66:\"uploads/users-profile/4f00a833ae3d3f76fc98089dc711b1592deed4b1.jpg\";roles|s:0:\"\";user_id|s:1:\"1\";expira|i:1540310484;'),('ga2nfk7eeqqgdujcn81857q45e0eahtj','::1',1539972846,'__ci_last_regenerate|i:1539972846;session_id|i:15;username|s:18:\"hrbullon@gmail.com\";profile|s:66:\"uploads/users-profile/f0318ddb1e1ef44ce2d72501318d391cfcdf2dc2.jpg\";roles|s:0:\"\";user_id|s:1:\"1\";expira|i:1539976062;'),('ghf65o909vdtre6ku5mde4b5idb4u5nm','::1',1540927751,'__ci_last_regenerate|i:1540927751;session_id|i:39;username|s:18:\"hrbullon@gmail.com\";profile|s:66:\"uploads/users-profile/4f00a833ae3d3f76fc98089dc711b1592deed4b1.jpg\";roles|s:1:\",\";user_id|s:1:\"1\";expira|i:1540934613;'),('gl4inrg6qb5kddou3ln722blm24gpmn1','::1',1540563436,'__ci_last_regenerate|i:1540563436;session_id|i:28;username|s:18:\"hrbullon@gmail.com\";profile|s:66:\"uploads/users-profile/4f00a833ae3d3f76fc98089dc711b1592deed4b1.jpg\";roles|s:0:\"\";user_id|s:1:\"1\";expira|i:1540563749;'),('glhhigflanmvu385jp1h943s7sgbpffi','::1',1541161778,'__ci_last_regenerate|i:1541161778;session_id|i:65;theme|s:6:\"orange\";style_header|s:14:\"navbar-default\";username|s:18:\"hrbullon@gmail.com\";profile|s:58:\"uploads/users-profile/e5b5ab6333c7a4e63ebf6a0047971f14.jpg\";roles|s:0:\"\";user_id|s:1:\"1\";expira|i:1541167864;'),('glontcsaq49ci84kfnccs3bjm7fgdphu','::1',1540840400,'__ci_last_regenerate|i:1540840400;session_id|i:37;username|s:18:\"hrbullon@gmail.com\";profile|s:66:\"uploads/users-profile/4f00a833ae3d3f76fc98089dc711b1592deed4b1.jpg\";roles|s:1:\",\";user_id|s:1:\"1\";expira|i:1540847222;'),('goibqfbts9u86eb14g8unqs94ejhqj9q','::1',1540573450,'__ci_last_regenerate|i:1540573450;session_id|i:28;username|s:18:\"hrbullon@gmail.com\";profile|s:66:\"uploads/users-profile/4f00a833ae3d3f76fc98089dc711b1592deed4b1.jpg\";roles|s:0:\"\";user_id|s:1:\"1\";expira|i:1540563749;'),('gq8fanmub93qvtkgdrcvbdpt29dru1db','::1',1540822367,'__ci_last_regenerate|i:1540822367;session_id|i:32;username|s:18:\"hrbullon@gmail.com\";profile|s:66:\"uploads/users-profile/4f00a833ae3d3f76fc98089dc711b1592deed4b1.jpg\";roles|s:0:\"\";user_id|s:1:\"1\";expira|i:1540822896;'),('gs045ijbr9ru2kupm4h78fddj9lrqjmr','::1',1540499624,'__ci_last_regenerate|i:1540499624;session_id|i:22;username|s:18:\"hrbullon@gmail.com\";profile|s:66:\"uploads/users-profile/4f00a833ae3d3f76fc98089dc711b1592deed4b1.jpg\";roles|s:0:\"\";user_id|s:1:\"1\";expira|i:1540504282;'),('gvhbpggmt215a70b56hfei6n9gg2h16i','::1',1541083667,'__ci_last_regenerate|i:1541083667;session_id|i:56;theme|s:4:\"blue\";username|s:18:\"hrbullon@gmail.com\";profile|s:66:\"uploads/users-profile/4f00a833ae3d3f76fc98089dc711b1592deed4b1.jpg\";roles|s:0:\"\";user_id|s:1:\"1\";expira|i:1541086138;'),('h0vrihu8totn4ivoul5b0nmgjhs8ij0s','::1',1541422627,'__ci_last_regenerate|i:1541422627;session_id|i:68;company|i:1;theme|s:3:\"red\";style_header|s:14:\"navbar-inverse\";username|s:18:\"hrbullon@gmail.com\";profile|s:58:\"uploads/users-profile/e5b5ab6333c7a4e63ebf6a0047971f14.jpg\";roles|s:0:\"\";user_id|s:1:\"1\";expira|i:1541427359;'),('h4uh37t107mo4080gejk6fvt4c9os3ag','::1',1540214615,'__ci_last_regenerate|i:1540214615;session_id|i:16;username|s:18:\"hrbullon@gmail.com\";profile|s:66:\"uploads/users-profile/4f00a833ae3d3f76fc98089dc711b1592deed4b1.jpg\";roles|s:0:\"\";user_id|s:1:\"1\";expira|i:1540220892;'),('h6obi7or7utc5e75ohnnvc6jfr9bkhmv','::1',1539977979,'__ci_last_regenerate|i:1539977979;session_id|i:15;username|s:18:\"hrbullon@gmail.com\";profile|s:66:\"uploads/users-profile/4f00a833ae3d3f76fc98089dc711b1592deed4b1.jpg\";roles|s:0:\"\";user_id|s:1:\"1\";expira|i:1539976062;'),('h91ubphr730ibl80ivcdkg1g21tj52k9','::1',1541007185,'__ci_last_regenerate|i:1541007185;session_id|i:42;username|s:18:\"hrbullon@gmail.com\";profile|s:66:\"uploads/users-profile/4f00a833ae3d3f76fc98089dc711b1592deed4b1.jpg\";roles|s:0:\"\";user_id|s:1:\"1\";expira|i:1541007858;'),('hbhbv3pnrk275u4sju7hnclqh85n759r','::1',1539979107,'__ci_last_regenerate|i:1539977979;session_id|i:15;username|s:18:\"hrbullon@gmail.com\";profile|s:66:\"uploads/users-profile/4f00a833ae3d3f76fc98089dc711b1592deed4b1.jpg\";roles|s:0:\"\";user_id|s:1:\"1\";expira|i:1539976062;'),('hcp2s7dp3o2cp0k70ssom6lq3id01457','::1',1541094941,'__ci_last_regenerate|i:1541094941;session_id|i:57;theme|s:6:\"purple\";style_header|s:14:\"navbar-inverse\";username|s:18:\"hrbullon@gmail.com\";profile|s:66:\"uploads/users-profile/4f00a833ae3d3f76fc98089dc711b1592deed4b1.jpg\";roles|s:0:\"\";user_id|s:1:\"1\";expira|i:1541100949;'),('hh20m0sfifjaqb3ttdg9mvecbj4in2m4','::1',1540567338,'__ci_last_regenerate|i:1540567338;session_id|i:28;username|s:18:\"hrbullon@gmail.com\";profile|s:66:\"uploads/users-profile/4f00a833ae3d3f76fc98089dc711b1592deed4b1.jpg\";roles|s:0:\"\";user_id|s:1:\"1\";expira|i:1540563749;'),('hm1c8dsnd476cu4j6n8418e788miuinr','::1',1540928543,'__ci_last_regenerate|i:1540928543;session_id|i:39;username|s:18:\"hrbullon@gmail.com\";profile|s:66:\"uploads/users-profile/4f00a833ae3d3f76fc98089dc711b1592deed4b1.jpg\";roles|s:1:\",\";user_id|s:1:\"1\";expira|i:1540934613;'),('hpj7hbkd16iqipg1uasme0q1kg0569rp','::1',1540580223,'__ci_last_regenerate|i:1540580223;session_id|i:28;username|s:18:\"hrbullon@gmail.com\";profile|s:66:\"uploads/users-profile/4f00a833ae3d3f76fc98089dc711b1592deed4b1.jpg\";roles|s:0:\"\";user_id|s:1:\"1\";expira|i:1540563749;'),('hrq4e1a7olvidpdp885efsmbub5mbnkh','::1',1540846659,'__ci_last_regenerate|i:1540846659;session_id|i:37;username|s:18:\"hrbullon@gmail.com\";profile|s:66:\"uploads/users-profile/4f00a833ae3d3f76fc98089dc711b1592deed4b1.jpg\";roles|s:1:\",\";user_id|s:1:\"1\";expira|i:1540847222;'),('i091r4ve1965s6g0kmrmv3grb96l4fkv','::1',1540847026,'__ci_last_regenerate|i:1540847026;session_id|i:37;username|s:18:\"hrbullon@gmail.com\";profile|s:66:\"uploads/users-profile/4f00a833ae3d3f76fc98089dc711b1592deed4b1.jpg\";roles|s:1:\",\";user_id|s:1:\"1\";expira|i:1540847222;'),('i18564sajs4v9pgci04elnpd48kh4q1f','::1',1541094621,'__ci_last_regenerate|i:1541094621;session_id|i:57;theme|s:6:\"purple\";style_header|s:1:\"2\";username|s:18:\"hrbullon@gmail.com\";profile|s:66:\"uploads/users-profile/4f00a833ae3d3f76fc98089dc711b1592deed4b1.jpg\";roles|s:0:\"\";user_id|s:1:\"1\";expira|i:1541100949;'),('i45sdscogcmmu7itf6312mnn3gd1o0tn','::1',1540573831,'__ci_last_regenerate|i:1540573831;session_id|i:28;username|s:18:\"hrbullon@gmail.com\";profile|s:66:\"uploads/users-profile/4f00a833ae3d3f76fc98089dc711b1592deed4b1.jpg\";roles|s:0:\"\";user_id|s:1:\"1\";expira|i:1540563749;'),('ibck0st094nu4aj31n6ivu1ibrj7j6f3','::1',1539975529,'__ci_last_regenerate|i:1539975529;session_id|i:15;username|s:18:\"hrbullon@gmail.com\";profile|s:66:\"uploads/users-profile/f0318ddb1e1ef44ce2d72501318d391cfcdf2dc2.jpg\";roles|s:0:\"\";user_id|s:1:\"1\";expira|i:1539976062;'),('iclo2vr8vf2j9kk9balkpt0sd3hh5hkn','::1',1540994527,'__ci_last_regenerate|i:1540994527;session_id|i:40;username|s:18:\"hrbullon@gmail.com\";profile|s:66:\"uploads/users-profile/4f00a833ae3d3f76fc98089dc711b1592deed4b1.jpg\";roles|s:1:\",\";user_id|s:1:\"1\";expira|i:1541000755;'),('igsh29d53it3evejsa31cvvvk9flap2p','::1',1541090815,'__ci_last_regenerate|i:1541090815;session_id|i:56;theme|s:4:\"blue\";username|s:18:\"hrbullon@gmail.com\";profile|s:66:\"uploads/users-profile/4f00a833ae3d3f76fc98089dc711b1592deed4b1.jpg\";roles|s:0:\"\";user_id|s:1:\"1\";expira|i:1541086138;'),('injf4qtclrlqvpclp82dh51cie5uf3ls','::1',1541427731,'__ci_last_regenerate|i:1541427731;session_id|i:69;company|i:1;theme|s:3:\"red\";style_header|s:14:\"navbar-inverse\";username|s:18:\"hrbullon@gmail.com\";profile|s:58:\"uploads/users-profile/e5b5ab6333c7a4e63ebf6a0047971f14.jpg\";roles|s:0:\"\";user_id|s:1:\"1\";expira|i:1541434717;'),('j2271593uhcs369l8r177vlstegpphp9','::1',1540834349,'__ci_last_regenerate|i:1540834349;session_id|i:35;username|s:18:\"hrbullon@gmail.com\";profile|s:66:\"uploads/users-profile/4f00a833ae3d3f76fc98089dc711b1592deed4b1.jpg\";roles|s:1:\",\";user_id|s:1:\"1\";expira|i:1540835447;'),('j6qpma4di8do3rg56j7421t358c4vq96','::1',1541184327,'__ci_last_regenerate|i:1541184327;'),('j7kaa9ojgbvcqpeck8q2s5nusddhjhn3','::1',1541187085,'__ci_last_regenerate|i:1541187085;session_id|i:67;company|i:1;theme|s:6:\"purple\";style_header|s:14:\"navbar-inverse\";username|s:18:\"hrbullon@gmail.com\";profile|s:58:\"uploads/users-profile/e5b5ab6333c7a4e63ebf6a0047971f14.jpg\";roles|s:0:\"\";user_id|s:1:\"1\";expira|i:1541193513;'),('jdpu1ijil3pe023nq9t3pl3datss1s3q','::1',1541015620,'__ci_last_regenerate|i:1541015620;session_id|i:42;username|s:18:\"hrbullon@gmail.com\";profile|s:66:\"uploads/users-profile/4f00a833ae3d3f76fc98089dc711b1592deed4b1.jpg\";roles|s:0:\"\";user_id|s:1:\"1\";expira|i:1541007858;'),('jfoht2sisd8lv4bt6ndcs2kih5hno8bc','::1',1541010263,'__ci_last_regenerate|i:1541010263;session_id|i:42;username|s:18:\"hrbullon@gmail.com\";profile|s:66:\"uploads/users-profile/4f00a833ae3d3f76fc98089dc711b1592deed4b1.jpg\";roles|s:0:\"\";user_id|s:1:\"1\";expira|i:1541007858;'),('jj5dumbleub00g31f7dierpo2cedhvkk','::1',1541093743,'__ci_last_regenerate|i:1541093743;session_id|i:56;theme|s:4:\"blue\";username|s:18:\"hrbullon@gmail.com\";profile|s:66:\"uploads/users-profile/4f00a833ae3d3f76fc98089dc711b1592deed4b1.jpg\";roles|s:0:\"\";user_id|s:1:\"1\";expira|i:1541086138;'),('jkf2f6goum3h8jaffsfvi22at68qlf37','::1',1540575726,'__ci_last_regenerate|i:1540575726;session_id|i:28;username|s:18:\"hrbullon@gmail.com\";profile|s:66:\"uploads/users-profile/4f00a833ae3d3f76fc98089dc711b1592deed4b1.jpg\";roles|s:0:\"\";user_id|s:1:\"1\";expira|i:1540563749;'),('jlcrec7mqhhh1vtqe6mq3me4d26hrh5i','::1',1540303256,'__ci_last_regenerate|i:1540303256;'),('jsqumu0c4nhhpdjpj29omnpiln962ufh','::1',1541000654,'__ci_last_regenerate|i:1541000654;'),('k0s57vce0be8bflh0en2eubhqc1i31q1','::1',1540822725,'__ci_last_regenerate|i:1540822725;session_id|i:32;username|s:18:\"hrbullon@gmail.com\";profile|s:66:\"uploads/users-profile/4f00a833ae3d3f76fc98089dc711b1592deed4b1.jpg\";roles|s:0:\"\";user_id|s:1:\"1\";expira|i:1540822896;'),('k3tv8084d9b599f7sbq324lsfpgaeiej','::1',1540555221,'__ci_last_regenerate|i:1540555221;session_id|i:23;username|s:18:\"hrbullon@gmail.com\";profile|s:66:\"uploads/users-profile/4f00a833ae3d3f76fc98089dc711b1592deed4b1.jpg\";roles|s:0:\"\";user_id|s:1:\"1\";expira|i:1540561044;'),('k3ur1grtn961fsgc9k9gbno3kup0rma5','::1',1540499292,'__ci_last_regenerate|i:1540499292;session_id|i:22;username|s:18:\"hrbullon@gmail.com\";profile|s:66:\"uploads/users-profile/4f00a833ae3d3f76fc98089dc711b1592deed4b1.jpg\";roles|s:0:\"\";user_id|s:1:\"1\";expira|i:1540504282;'),('k5anbmltrv7m7vcgpkj47m9sanl3afvb','::1',1540585558,'__ci_last_regenerate|i:1540585558;session_id|i:29;username|s:18:\"hrbullon@gmail.com\";profile|s:66:\"uploads/users-profile/4f00a833ae3d3f76fc98089dc711b1592deed4b1.jpg\";roles|s:0:\"\";user_id|s:1:\"1\";expira|i:1540588984;'),('k64tpvik57gru1nr08hmmuo9bgktpf47','::1',1540931642,'__ci_last_regenerate|i:1540931642;session_id|i:39;username|s:18:\"hrbullon@gmail.com\";profile|s:66:\"uploads/users-profile/4f00a833ae3d3f76fc98089dc711b1592deed4b1.jpg\";roles|s:1:\",\";user_id|s:1:\"1\";expira|i:1540934613;'),('k6p3rn982f7b91lmt8hhcmavl8us4f0a','::1',1540844619,'__ci_last_regenerate|i:1540844619;session_id|i:37;username|s:18:\"hrbullon@gmail.com\";profile|s:66:\"uploads/users-profile/4f00a833ae3d3f76fc98089dc711b1592deed4b1.jpg\";roles|s:1:\",\";user_id|s:1:\"1\";expira|i:1540847222;'),('kesmneg5egkji4hk003hmj78es34pbn2','::1',1541011268,'__ci_last_regenerate|i:1541011268;session_id|i:42;username|s:18:\"hrbullon@gmail.com\";profile|s:66:\"uploads/users-profile/4f00a833ae3d3f76fc98089dc711b1592deed4b1.jpg\";roles|s:0:\"\";user_id|s:1:\"1\";expira|i:1541007858;'),('ki4ku26mupqa55mcggmvblklvljj56fa','::1',1540818195,'__ci_last_regenerate|i:1540818195;session_id|i:32;username|s:18:\"hrbullon@gmail.com\";profile|s:66:\"uploads/users-profile/4f00a833ae3d3f76fc98089dc711b1592deed4b1.jpg\";roles|s:0:\"\";user_id|s:1:\"1\";expira|i:1540822896;'),('kmg63id6kvbdk68kak232rbm79uurldo','::1',1540300319,'__ci_last_regenerate|i:1540300319;'),('kmo4906akgocap8bpu51abavghaicack','::1',1541425990,'__ci_last_regenerate|i:1541425990;session_id|i:68;company|i:1;theme|s:3:\"red\";style_header|s:14:\"navbar-inverse\";username|s:18:\"hrbullon@gmail.com\";profile|s:58:\"uploads/users-profile/e5b5ab6333c7a4e63ebf6a0047971f14.jpg\";roles|s:0:\"\";user_id|s:1:\"1\";expira|i:1541427359;'),('ko0o5jhtjm889djelop1akodroi39r5j','::1',1541434795,'__ci_last_regenerate|i:1541434795;session_id|i:70;company|s:1:\"1\";theme|s:3:\"red\";style_header|s:14:\"navbar-inverse\";username|s:18:\"hrbullon@gmail.com\";profile|s:58:\"uploads/users-profile/e5b5ab6333c7a4e63ebf6a0047971f14.jpg\";roles|s:0:\"\";user_id|s:1:\"1\";expira|i:1541434959;'),('ku651tngl2mkp5n3mu9osdug1tqms8kb','::1',1540580532,'__ci_last_regenerate|i:1540580532;session_id|i:28;username|s:18:\"hrbullon@gmail.com\";profile|s:66:\"uploads/users-profile/4f00a833ae3d3f76fc98089dc711b1592deed4b1.jpg\";roles|s:0:\"\";user_id|s:1:\"1\";expira|i:1540563749;'),('ku96kehv1sn6mcssab8rn8s6h5oamoil','::1',1539972496,'__ci_last_regenerate|i:1539972496;session_id|i:15;username|s:18:\"hrbullon@gmail.com\";profile|s:66:\"uploads/users-profile/f0318ddb1e1ef44ce2d72501318d391cfcdf2dc2.jpg\";roles|s:0:\"\";user_id|s:1:\"1\";expira|i:1539976062;'),('ku98j7tcloh9p3qkk67la882ebo8mlqt','::1',1540817332,'__ci_last_regenerate|i:1540817332;session_id|i:32;username|s:18:\"hrbullon@gmail.com\";profile|s:66:\"uploads/users-profile/4f00a833ae3d3f76fc98089dc711b1592deed4b1.jpg\";roles|s:0:\"\";user_id|s:1:\"1\";expira|i:1540822896;'),('kuimdpthn1v1gg7vc7pjk6947n6shsoi','::1',1540582069,'__ci_last_regenerate|i:1540582069;session_id|i:29;username|s:18:\"hrbullon@gmail.com\";profile|s:66:\"uploads/users-profile/4f00a833ae3d3f76fc98089dc711b1592deed4b1.jpg\";roles|s:0:\"\";user_id|s:1:\"1\";expira|i:1540588984;'),('kuqob5kcs34j0hacuj7e5bvrm7dn0vad','::1',1540578733,'__ci_last_regenerate|i:1540578733;session_id|i:28;username|s:18:\"hrbullon@gmail.com\";profile|s:66:\"uploads/users-profile/4f00a833ae3d3f76fc98089dc711b1592deed4b1.jpg\";roles|s:0:\"\";user_id|s:1:\"1\";expira|i:1540563749;'),('l0rhpqme5h90mrpl17vknp1dkikt21td','::1',1540315142,'__ci_last_regenerate|i:1540315142;session_id|i:21;username|s:18:\"hrbullon@gmail.com\";profile|s:66:\"uploads/users-profile/4f00a833ae3d3f76fc98089dc711b1592deed4b1.jpg\";roles|s:0:\"\";user_id|s:1:\"1\";expira|i:1540310484;'),('l2jr9vc3buurj0vjf7t1pl0i7okug1qq','::1',1541182904,'__ci_last_regenerate|i:1541182904;session_id|i:66;theme|s:6:\"purple\";style_header|s:14:\"navbar-inverse\";username|s:18:\"hrbullon@gmail.com\";profile|s:58:\"uploads/users-profile/e5b5ab6333c7a4e63ebf6a0047971f14.jpg\";roles|s:0:\"\";user_id|s:1:\"1\";expira|i:1541170327;'),('lage0b5v37m6g3p24t3droksf7jsql7a','::1',1539976751,'__ci_last_regenerate|i:1539976751;session_id|i:15;username|s:18:\"hrbullon@gmail.com\";profile|s:66:\"uploads/users-profile/f0318ddb1e1ef44ce2d72501318d391cfcdf2dc2.jpg\";roles|s:0:\"\";user_id|s:1:\"1\";expira|i:1539976062;'),('lc0nv8015ncn1gnbem3i9a8kpuibsg0m','::1',1540308345,'__ci_last_regenerate|i:1540308345;session_id|i:21;username|s:18:\"hrbullon@gmail.com\";profile|s:66:\"uploads/users-profile/4f00a833ae3d3f76fc98089dc711b1592deed4b1.jpg\";roles|s:0:\"\";user_id|s:1:\"1\";expira|i:1540310484;'),('ldfeeq0vd6vgc2bhbpv49n6a377g114i','::1',1540997374,'__ci_last_regenerate|i:1540997374;session_id|i:40;username|s:18:\"hrbullon@gmail.com\";profile|s:66:\"uploads/users-profile/4f00a833ae3d3f76fc98089dc711b1592deed4b1.jpg\";roles|s:1:\",\";user_id|s:1:\"1\";expira|i:1541000755;'),('lkhg7fn0ursetngj49unfmfgokim8da6','::1',1540574231,'__ci_last_regenerate|i:1540574231;session_id|i:28;username|s:18:\"hrbullon@gmail.com\";profile|s:66:\"uploads/users-profile/4f00a833ae3d3f76fc98089dc711b1592deed4b1.jpg\";roles|s:0:\"\";user_id|s:1:\"1\";expira|i:1540563749;'),('llsvg9puoss1ca73bjludnuehbdius3l','::1',1541094291,'__ci_last_regenerate|i:1541094291;session_id|i:57;theme|s:4:\"blue\";style_header|s:1:\"2\";username|s:18:\"hrbullon@gmail.com\";profile|s:66:\"uploads/users-profile/4f00a833ae3d3f76fc98089dc711b1592deed4b1.jpg\";roles|s:0:\"\";user_id|s:1:\"1\";expira|i:1541100949;'),('lnrq3it6846h9er17s824p44eht6onut','::1',1540584769,'__ci_last_regenerate|i:1540584769;session_id|i:29;username|s:18:\"hrbullon@gmail.com\";profile|s:66:\"uploads/users-profile/4f00a833ae3d3f76fc98089dc711b1592deed4b1.jpg\";roles|s:0:\"\";user_id|s:1:\"1\";expira|i:1540588984;'),('lqq63jtq7f1t7ckoaeagfpq6f69i18hq','::1',1541162104,'__ci_last_regenerate|i:1541162104;session_id|i:65;theme|s:6:\"orange\";style_header|s:14:\"navbar-default\";username|s:18:\"hrbullon@gmail.com\";profile|s:58:\"uploads/users-profile/e5b5ab6333c7a4e63ebf6a0047971f14.jpg\";roles|s:0:\"\";user_id|s:1:\"1\";expira|i:1541167864;'),('lvtno1k4la13r94bbrasgks1ecgvv6f2','::1',1540239416,'__ci_last_regenerate|i:1540239416;session_id|i:17;username|s:18:\"hrbullon@gmail.com\";profile|s:66:\"uploads/users-profile/4f00a833ae3d3f76fc98089dc711b1592deed4b1.jpg\";roles|s:0:\"\";user_id|s:1:\"1\";expira|i:1540240598;'),('m16utflurlv8pucbs64ab8bgem2uk5ut','::1',1541432922,'__ci_last_regenerate|i:1541432922;session_id|i:70;company|s:1:\"1\";theme|s:3:\"red\";style_header|s:14:\"navbar-inverse\";username|s:18:\"hrbullon@gmail.com\";profile|s:58:\"uploads/users-profile/e5b5ab6333c7a4e63ebf6a0047971f14.jpg\";roles|s:0:\"\";user_id|s:1:\"1\";expira|i:1541434959;'),('m65uvtmb5ojqbnff7im91vvjd68li84l','::1',1540324837,'__ci_last_regenerate|i:1540324832;session_id|i:21;username|s:18:\"hrbullon@gmail.com\";profile|s:66:\"uploads/users-profile/4f00a833ae3d3f76fc98089dc711b1592deed4b1.jpg\";roles|s:0:\"\";user_id|s:1:\"1\";expira|i:1540310484;'),('m9vhnhoaodiol74rlhehdr96ti943qs7','::1',1540500935,'__ci_last_regenerate|i:1540500935;session_id|i:22;username|s:18:\"hrbullon@gmail.com\";profile|s:66:\"uploads/users-profile/4f00a833ae3d3f76fc98089dc711b1592deed4b1.jpg\";roles|s:0:\"\";user_id|s:1:\"1\";expira|i:1540504282;'),('m9vve3rn2di24pj04dda2hbgttnqiv01','::1',1540903871,'__ci_last_regenerate|i:1540903793;session_id|i:38;username|s:18:\"hrbullon@gmail.com\";profile|s:66:\"uploads/users-profile/4f00a833ae3d3f76fc98089dc711b1592deed4b1.jpg\";roles|s:1:\",\";user_id|s:1:\"1\";expira|i:1540910348;'),('mce1kbvh43nsr5v72h15ghlu0oretee3','::1',1541426509,'__ci_last_regenerate|i:1541426509;session_id|i:68;company|i:1;theme|s:3:\"red\";style_header|s:14:\"navbar-inverse\";username|s:18:\"hrbullon@gmail.com\";profile|s:58:\"uploads/users-profile/e5b5ab6333c7a4e63ebf6a0047971f14.jpg\";roles|s:0:\"\";user_id|s:1:\"1\";expira|i:1541427359;'),('mcvfikbuf1lohpqv6b6mlr2r3rla5ntl','::1',1540827830,'__ci_last_regenerate|i:1540827830;session_id|i:32;username|s:18:\"hrbullon@gmail.com\";profile|s:66:\"uploads/users-profile/4f00a833ae3d3f76fc98089dc711b1592deed4b1.jpg\";roles|s:0:\"\";user_id|s:1:\"1\";expira|i:1540822896;'),('mf0abot8nnerepi1v419v9shftfimbr9','::1',1540581200,'__ci_last_regenerate|i:1540581200;session_id|i:28;username|s:18:\"hrbullon@gmail.com\";profile|s:66:\"uploads/users-profile/4f00a833ae3d3f76fc98089dc711b1592deed4b1.jpg\";roles|s:0:\"\";user_id|s:1:\"1\";expira|i:1540563749;'),('mk7hddovo9e33p5p1pjbgj11fdkqk7t6','::1',1541091872,'__ci_last_regenerate|i:1541091872;session_id|i:56;theme|s:4:\"blue\";username|s:18:\"hrbullon@gmail.com\";profile|s:66:\"uploads/users-profile/4f00a833ae3d3f76fc98089dc711b1592deed4b1.jpg\";roles|s:0:\"\";user_id|s:1:\"1\";expira|i:1541086138;'),('n1hqvn5n6cefjpntabk7qcgm40ppsde6','::1',1540994831,'__ci_last_regenerate|i:1540994831;session_id|i:40;username|s:18:\"hrbullon@gmail.com\";profile|s:66:\"uploads/users-profile/4f00a833ae3d3f76fc98089dc711b1592deed4b1.jpg\";roles|s:1:\",\";user_id|s:1:\"1\";expira|i:1541000755;'),('n2tgj4rjchg1175un0md3udagqcbgd8b','::1',1540577375,'__ci_last_regenerate|i:1540577375;session_id|i:28;username|s:18:\"hrbullon@gmail.com\";profile|s:66:\"uploads/users-profile/4f00a833ae3d3f76fc98089dc711b1592deed4b1.jpg\";roles|s:0:\"\";user_id|s:1:\"1\";expira|i:1540563749;'),('n5e3vkcf63go6cckb1hhevgp6fshb1g6','::1',1540836033,'__ci_last_regenerate|i:1540836033;session_id|i:35;username|s:18:\"hrbullon@gmail.com\";profile|s:66:\"uploads/users-profile/4f00a833ae3d3f76fc98089dc711b1592deed4b1.jpg\";roles|s:1:\",\";user_id|s:1:\"1\";expira|i:1540835447;'),('n8ch7db1ghf1nma557568d52t9gkl8lk','::1',1541018807,'__ci_last_regenerate|i:1541018807;session_id|i:54;theme|s:4:\"blue\";username|s:18:\"hrbullon@gmail.com\";profile|s:66:\"uploads/users-profile/4f00a833ae3d3f76fc98089dc711b1592deed4b1.jpg\";roles|s:0:\"\";user_id|s:1:\"1\";expira|i:1541023340;'),('nbpe5nc7u86mkpbq1460pmovf333gm8j','::1',1541001124,'__ci_last_regenerate|i:1541001124;session_id|i:42;username|s:18:\"hrbullon@gmail.com\";profile|s:66:\"uploads/users-profile/4f00a833ae3d3f76fc98089dc711b1592deed4b1.jpg\";roles|s:0:\"\";user_id|s:1:\"1\";expira|i:1541007858;'),('nmc3ahq6giv77gtaelm88djta3gv84na','::1',1540928861,'__ci_last_regenerate|i:1540928861;session_id|i:39;username|s:18:\"hrbullon@gmail.com\";profile|s:66:\"uploads/users-profile/4f00a833ae3d3f76fc98089dc711b1592deed4b1.jpg\";roles|s:1:\",\";user_id|s:1:\"1\";expira|i:1540934613;'),('nob0m2eumvv1hii55u7vrfi29od0jbsq','::1',1541430118,'__ci_last_regenerate|i:1541430118;session_id|i:70;company|s:1:\"1\";theme|s:3:\"red\";style_header|s:14:\"navbar-inverse\";username|s:18:\"hrbullon@gmail.com\";profile|s:58:\"uploads/users-profile/e5b5ab6333c7a4e63ebf6a0047971f14.jpg\";roles|s:0:\"\";user_id|s:1:\"1\";expira|i:1541434959;'),('noi8eki1ps8uc1raudj2kffjc3r1i7iv','::1',1540846158,'__ci_last_regenerate|i:1540846158;session_id|i:37;username|s:18:\"hrbullon@gmail.com\";profile|s:66:\"uploads/users-profile/4f00a833ae3d3f76fc98089dc711b1592deed4b1.jpg\";roles|s:1:\",\";user_id|s:1:\"1\";expira|i:1540847222;'),('o0v079hd24mogvsbhie91c49tt6cf2k6','::1',1541105370,'__ci_last_regenerate|i:1541105370;session_id|i:64;theme|s:6:\"orange\";style_header|s:14:\"navbar-default\";username|s:18:\"hrbullon@gmail.com\";profile|s:58:\"uploads/users-profile/e5b5ab6333c7a4e63ebf6a0047971f14.jpg\";roles|s:0:\"\";user_id|s:1:\"1\";expira|i:1541107531;'),('o1kl1u2cqca18nm3svv244u1utaeiik1','::1',1541163803,'__ci_last_regenerate|i:1541163803;session_id|i:66;theme|s:6:\"purple\";style_header|s:14:\"navbar-inverse\";username|s:18:\"hrbullon@gmail.com\";profile|s:58:\"uploads/users-profile/e5b5ab6333c7a4e63ebf6a0047971f14.jpg\";roles|s:0:\"\";user_id|s:1:\"1\";expira|i:1541170327;'),('o1lmeui11adp6iot34qa79ohtp0h20sj','::1',1541183975,'__ci_last_regenerate|i:1541183975;session_id|i:66;theme|s:6:\"purple\";style_header|s:14:\"navbar-inverse\";username|s:18:\"hrbullon@gmail.com\";profile|s:58:\"uploads/users-profile/e5b5ab6333c7a4e63ebf6a0047971f14.jpg\";roles|s:0:\"\";user_id|s:1:\"1\";expira|i:1541170327;'),('o20174v8uhakm8bi0gv40oc57f5gmdqt','::1',1540582393,'__ci_last_regenerate|i:1540582393;session_id|i:29;username|s:18:\"hrbullon@gmail.com\";profile|s:66:\"uploads/users-profile/4f00a833ae3d3f76fc98089dc711b1592deed4b1.jpg\";roles|s:0:\"\";user_id|s:1:\"1\";expira|i:1540588984;'),('o3780lef3l31m3g8s3rfolr9jm1g15ki','::1',1540996284,'__ci_last_regenerate|i:1540996284;session_id|i:41;username|s:18:\"hrbullon@gmail.com\";profile|s:66:\"uploads/users-profile/4f00a833ae3d3f76fc98089dc711b1592deed4b1.jpg\";roles|s:0:\"\";user_id|s:1:\"1\";expira|i:1541002767;'),('ofmvt9hnho2m09jm8r5rl4kabuoh4igb','::1',1540586945,'__ci_last_regenerate|i:1540586945;session_id|i:30;username|s:18:\"hrbullon@gmail.com\";profile|s:66:\"uploads/users-profile/4f00a833ae3d3f76fc98089dc711b1592deed4b1.jpg\";roles|s:0:\"\";user_id|s:1:\"1\";expira|i:1540592995;'),('ogaouqhavr3kfd5t9cit7ieism4rjngo','::1',1541095405,'__ci_last_regenerate|i:1541095405;session_id|i:60;theme|s:4:\"blue\";style_header|s:14:\"navbar-inverse\";username|s:18:\"hrbullon@gmail.com\";profile|s:66:\"uploads/users-profile/4f00a833ae3d3f76fc98089dc711b1592deed4b1.jpg\";roles|s:0:\"\";user_id|s:1:\"1\";expira|i:1541102250;'),('ojvb7hjjdbk6n4v7rmee7bcnr9apluse','::1',1541431875,'__ci_last_regenerate|i:1541431875;session_id|i:70;company|s:1:\"1\";theme|s:3:\"red\";style_header|s:14:\"navbar-inverse\";username|s:18:\"hrbullon@gmail.com\";profile|s:58:\"uploads/users-profile/e5b5ab6333c7a4e63ebf6a0047971f14.jpg\";roles|s:0:\"\";user_id|s:1:\"1\";expira|i:1541434959;'),('oldsl0vhde4uojh2luqccc2bfhpvf376','::1',1541432180,'__ci_last_regenerate|i:1541432180;session_id|i:70;company|s:1:\"1\";theme|s:3:\"red\";style_header|s:14:\"navbar-inverse\";username|s:18:\"hrbullon@gmail.com\";profile|s:58:\"uploads/users-profile/e5b5ab6333c7a4e63ebf6a0047971f14.jpg\";roles|s:0:\"\";user_id|s:1:\"1\";expira|i:1541434959;'),('onlcn1pn49l6c83lqnp25q7qdurar7da','::1',1541180155,'__ci_last_regenerate|i:1541180155;session_id|i:66;theme|s:6:\"purple\";style_header|s:14:\"navbar-inverse\";username|s:18:\"hrbullon@gmail.com\";profile|s:58:\"uploads/users-profile/e5b5ab6333c7a4e63ebf6a0047971f14.jpg\";roles|s:0:\"\";user_id|s:1:\"1\";expira|i:1541170327;'),('ou0rm699qq1bmr0nfs1kvlvscv4rejvn','::1',1541422970,'__ci_last_regenerate|i:1541422970;session_id|i:68;company|i:1;theme|s:3:\"red\";style_header|s:14:\"navbar-inverse\";username|s:18:\"hrbullon@gmail.com\";profile|s:58:\"uploads/users-profile/e5b5ab6333c7a4e63ebf6a0047971f14.jpg\";roles|s:0:\"\";user_id|s:1:\"1\";expira|i:1541427359;'),('p0746but8tbg9gmf9jr5rmtlv7lnqu4s','::1',1540323543,'__ci_last_regenerate|i:1540323543;session_id|i:21;username|s:18:\"hrbullon@gmail.com\";profile|s:66:\"uploads/users-profile/4f00a833ae3d3f76fc98089dc711b1592deed4b1.jpg\";roles|s:0:\"\";user_id|s:1:\"1\";expira|i:1540310484;'),('p2kgp0jcbvknhmnb9v59a12kbdan934o','::1',1541162852,'__ci_last_regenerate|i:1541162852;session_id|i:65;theme|s:6:\"orange\";style_header|s:14:\"navbar-default\";username|s:18:\"hrbullon@gmail.com\";profile|s:58:\"uploads/users-profile/e5b5ab6333c7a4e63ebf6a0047971f14.jpg\";roles|s:0:\"\";user_id|s:1:\"1\";expira|i:1541167864;'),('pbmshpebmim8russq7uf39itmsrr0ghh','::1',1540568510,'__ci_last_regenerate|i:1540568510;session_id|i:28;username|s:18:\"hrbullon@gmail.com\";profile|s:66:\"uploads/users-profile/4f00a833ae3d3f76fc98089dc711b1592deed4b1.jpg\";roles|s:0:\"\";user_id|s:1:\"1\";expira|i:1540563749;'),('pf9outm4a3ak71o41updjb7aecm79of7','::1',1541435169,'__ci_last_regenerate|i:1541435169;session_id|i:70;company|s:1:\"1\";theme|s:3:\"red\";style_header|s:14:\"navbar-inverse\";username|s:18:\"hrbullon@gmail.com\";profile|s:58:\"uploads/users-profile/e5b5ab6333c7a4e63ebf6a0047971f14.jpg\";roles|s:0:\"\";user_id|s:1:\"1\";expira|i:1541434959;'),('pj2k800sipkob82hrnphlm53fktvf9j4','::1',1541192424,'__ci_last_regenerate|i:1541192424;session_id|i:67;company|i:1;theme|s:3:\"red\";style_header|s:14:\"navbar-inverse\";username|s:18:\"hrbullon@gmail.com\";profile|s:58:\"uploads/users-profile/e5b5ab6333c7a4e63ebf6a0047971f14.jpg\";roles|s:0:\"\";user_id|s:1:\"1\";expira|i:1541193513;'),('pk1bv225e5k6inl05dvfkj65o1c7lj2v','::1',1541000124,'__ci_last_regenerate|i:1541000124;session_id|i:41;username|s:18:\"hrbullon@gmail.com\";profile|s:66:\"uploads/users-profile/4f00a833ae3d3f76fc98089dc711b1592deed4b1.jpg\";roles|s:0:\"\";user_id|s:1:\"1\";expira|i:1541002767;'),('pkcfl38rs4oaime41csdponv5fqq9i47','::1',1540314311,'__ci_last_regenerate|i:1540314311;session_id|i:21;username|s:18:\"hrbullon@gmail.com\";profile|s:66:\"uploads/users-profile/4f00a833ae3d3f76fc98089dc711b1592deed4b1.jpg\";roles|s:0:\"\";user_id|s:1:\"1\";expira|i:1540310484;'),('plj4791lelkqs0dvkju9feai58kpf4va','::1',1541007688,'__ci_last_regenerate|i:1541007687;'),('pn6scbgnjnr5koje6lctbcc5cdbu1b7o','::1',1540917915,'__ci_last_regenerate|i:1540917914;'),('pp5f1cqt91jraoqv18sead9mu6pitlf2','::1',1540582963,'__ci_last_regenerate|i:1540582963;session_id|i:29;username|s:18:\"hrbullon@gmail.com\";profile|s:66:\"uploads/users-profile/4f00a833ae3d3f76fc98089dc711b1592deed4b1.jpg\";roles|s:0:\"\";user_id|s:1:\"1\";expira|i:1540588984;'),('pphbh6j6ufkvsr97b2oaug0rt7r8ghdo','::1',1540996844,'__ci_last_regenerate|i:1540996844;session_id|i:40;username|s:18:\"hrbullon@gmail.com\";profile|s:66:\"uploads/users-profile/4f00a833ae3d3f76fc98089dc711b1592deed4b1.jpg\";roles|s:1:\",\";user_id|s:1:\"1\";expira|i:1541000755;'),('psokbse1sp5htqj24hporer83atjqvgn','::1',1540576080,'__ci_last_regenerate|i:1540576080;session_id|i:28;username|s:18:\"hrbullon@gmail.com\";profile|s:66:\"uploads/users-profile/4f00a833ae3d3f76fc98089dc711b1592deed4b1.jpg\";roles|s:0:\"\";user_id|s:1:\"1\";expira|i:1540563749;'),('pv5aa264771lich0l1s9kdr34bdv43pg','::1',1541434187,'__ci_last_regenerate|i:1541434187;session_id|i:70;company|s:1:\"1\";theme|s:3:\"red\";style_header|s:14:\"navbar-inverse\";username|s:18:\"hrbullon@gmail.com\";profile|s:58:\"uploads/users-profile/e5b5ab6333c7a4e63ebf6a0047971f14.jpg\";roles|s:0:\"\";user_id|s:1:\"1\";expira|i:1541434959;'),('q0hfr4nq5g3fj8akc0o83akssrb43p75','::1',1541092730,'__ci_last_regenerate|i:1541092730;session_id|i:56;theme|s:4:\"blue\";username|s:18:\"hrbullon@gmail.com\";profile|s:66:\"uploads/users-profile/4f00a833ae3d3f76fc98089dc711b1592deed4b1.jpg\";roles|s:0:\"\";user_id|s:1:\"1\";expira|i:1541086138;'),('q0iq3uf75gguevrssh15s15abc3qao0v','::1',1540577053,'__ci_last_regenerate|i:1540577053;session_id|i:28;username|s:18:\"hrbullon@gmail.com\";profile|s:66:\"uploads/users-profile/4f00a833ae3d3f76fc98089dc711b1592deed4b1.jpg\";roles|s:0:\"\";user_id|s:1:\"1\";expira|i:1540563749;'),('q50b0j50enjdncs5uujhpg97rnk23nq3','::1',1540324832,'__ci_last_regenerate|i:1540324832;session_id|i:21;username|s:18:\"hrbullon@gmail.com\";profile|s:66:\"uploads/users-profile/4f00a833ae3d3f76fc98089dc711b1592deed4b1.jpg\";roles|s:0:\"\";user_id|s:1:\"1\";expira|i:1540310484;'),('qenu01rv6idif7lkbrun3cinpbr9n400','::1',1540318697,'__ci_last_regenerate|i:1540318697;session_id|i:21;username|s:18:\"hrbullon@gmail.com\";profile|s:66:\"uploads/users-profile/4f00a833ae3d3f76fc98089dc711b1592deed4b1.jpg\";roles|s:0:\"\";user_id|s:1:\"1\";expira|i:1540310484;'),('qh4au4d7oqlhqhas125i3t4emkku7ett','::1',1541438606,'__ci_last_regenerate|i:1541438606;session_id|i:71;company|s:1:\"1\";logo_company|s:54:\"uploads/companies/60063365874a3663f00591da37ef3973.png\";theme|s:7:\"default\";style_header|s:14:\"navbar-default\";username|s:18:\"hrbullon@gmail.com\";profile|s:58:\"uploads/users-profile/e5b5ab6333c7a4e63ebf6a0047971f14.jpg\";roles|s:0:\"\";user_id|s:1:\"1\";expira|i:1541443129;'),('qs36n4duqebi5kgvkilfk5d3a0kb0lnj','::1',1541170427,'__ci_last_regenerate|i:1541170427;session_id|i:66;theme|s:6:\"purple\";style_header|s:14:\"navbar-inverse\";username|s:18:\"hrbullon@gmail.com\";profile|s:58:\"uploads/users-profile/e5b5ab6333c7a4e63ebf6a0047971f14.jpg\";roles|s:0:\"\";user_id|s:1:\"1\";expira|i:1541170327;'),('r6klbb833ftg3fhl94cg61t00etu86o1','::1',1541182501,'__ci_last_regenerate|i:1541182501;session_id|i:66;theme|s:6:\"purple\";style_header|s:14:\"navbar-inverse\";username|s:18:\"hrbullon@gmail.com\";profile|s:58:\"uploads/users-profile/e5b5ab6333c7a4e63ebf6a0047971f14.jpg\";roles|s:0:\"\";user_id|s:1:\"1\";expira|i:1541170327;'),('r95aqqdt2fgdfljvbm0s0oqja7qhda95','::1',1541181970,'__ci_last_regenerate|i:1541181970;session_id|i:66;theme|s:6:\"purple\";style_header|s:14:\"navbar-inverse\";username|s:18:\"hrbullon@gmail.com\";profile|s:58:\"uploads/users-profile/e5b5ab6333c7a4e63ebf6a0047971f14.jpg\";roles|s:0:\"\";user_id|s:1:\"1\";expira|i:1541170327;'),('rfp44rgcciv8bvkc4gcut3sl41o4keh0','::1',1540306723,'__ci_last_regenerate|i:1540306723;session_id|i:21;username|s:18:\"hrbullon@gmail.com\";profile|s:66:\"uploads/users-profile/4f00a833ae3d3f76fc98089dc711b1592deed4b1.jpg\";roles|s:0:\"\";user_id|s:1:\"1\";expira|i:1540310484;'),('rkn4nkr351gdkl685epuhgv0a3t6g60e','::1',1540578045,'__ci_last_regenerate|i:1540578045;session_id|i:28;username|s:18:\"hrbullon@gmail.com\";profile|s:66:\"uploads/users-profile/4f00a833ae3d3f76fc98089dc711b1592deed4b1.jpg\";roles|s:0:\"\";user_id|s:1:\"1\";expira|i:1540563749;'),('rn8fpa5vfomvqrme8mt3a8aup8mr3qb9','::1',1539969475,'__ci_last_regenerate|i:1539969475;session_id|i:15;username|s:18:\"hrbullon@gmail.com\";profile|s:66:\"uploads/users-profile/f0318ddb1e1ef44ce2d72501318d391cfcdf2dc2.jpg\";roles|s:0:\"\";user_id|s:1:\"1\";expira|i:1539976062;'),('rnt88pfbt8vl71t0s53bc08h8uar430t','::1',1540565377,'__ci_last_regenerate|i:1540565377;session_id|i:28;username|s:18:\"hrbullon@gmail.com\";profile|s:66:\"uploads/users-profile/4f00a833ae3d3f76fc98089dc711b1592deed4b1.jpg\";roles|s:0:\"\";user_id|s:1:\"1\";expira|i:1540563749;'),('rpdkej4larv8j5oml999uuh09g4758b3','::1',1541105022,'__ci_last_regenerate|i:1541105022;session_id|i:64;theme|s:6:\"orange\";style_header|s:14:\"navbar-default\";username|s:18:\"hrbullon@gmail.com\";profile|s:58:\"uploads/users-profile/e5b5ab6333c7a4e63ebf6a0047971f14.jpg\";roles|s:0:\"\";user_id|s:1:\"1\";expira|i:1541107531;'),('s3a3h472f7ie8sorde34mqe2mge45m2i','::1',1541101145,'__ci_last_regenerate|i:1541101145;session_id|i:64;theme|s:6:\"orange\";style_header|s:14:\"navbar-default\";username|s:18:\"hrbullon@gmail.com\";profile|s:58:\"uploads/users-profile/e5b5ab6333c7a4e63ebf6a0047971f14.jpg\";roles|s:0:\"\";user_id|s:1:\"1\";expira|i:1541107531;'),('sd7icqgpmhr9k2q9ddjo445s51de76gu','::1',1540565042,'__ci_last_regenerate|i:1540565042;session_id|i:28;username|s:18:\"hrbullon@gmail.com\";profile|s:66:\"uploads/users-profile/4f00a833ae3d3f76fc98089dc711b1592deed4b1.jpg\";roles|s:0:\"\";user_id|s:1:\"1\";expira|i:1540563749;'),('simmti3ijkl37o6nni05qft1221dlb9j','::1',1540575064,'__ci_last_regenerate|i:1540575064;session_id|i:28;username|s:18:\"hrbullon@gmail.com\";profile|s:66:\"uploads/users-profile/4f00a833ae3d3f76fc98089dc711b1592deed4b1.jpg\";roles|s:0:\"\";user_id|s:1:\"1\";expira|i:1540563749;'),('sj2chl28d79i3tkki7rg2tcqcu7bpg30','::1',1541162436,'__ci_last_regenerate|i:1541162436;session_id|i:65;theme|s:6:\"orange\";style_header|s:14:\"navbar-default\";username|s:18:\"hrbullon@gmail.com\";profile|s:58:\"uploads/users-profile/e5b5ab6333c7a4e63ebf6a0047971f14.jpg\";roles|s:0:\"\";user_id|s:1:\"1\";expira|i:1541167864;'),('stiq6sh1otbfjlr0vua780jpmjmc03rc','::1',1541424693,'__ci_last_regenerate|i:1541424693;session_id|i:68;company|i:1;theme|s:3:\"red\";style_header|s:14:\"navbar-inverse\";username|s:18:\"hrbullon@gmail.com\";profile|s:58:\"uploads/users-profile/e5b5ab6333c7a4e63ebf6a0047971f14.jpg\";roles|s:0:\"\";user_id|s:1:\"1\";expira|i:1541427359;'),('sumdkm751k2658dfah2d4v03fnlda1g5','::1',1541017892,'__ci_last_regenerate|i:1541017892;session_id|i:54;theme|s:4:\"blue\";username|s:18:\"hrbullon@gmail.com\";profile|s:66:\"uploads/users-profile/4f00a833ae3d3f76fc98089dc711b1592deed4b1.jpg\";roles|s:0:\"\";user_id|s:1:\"1\";expira|i:1541023340;'),('t8qan4tretnjde2gbm67ufj7a4ts9gv7','::1',1540997314,'__ci_last_regenerate|i:1540997314;session_id|i:41;username|s:18:\"hrbullon@gmail.com\";profile|s:66:\"uploads/users-profile/4f00a833ae3d3f76fc98089dc711b1592deed4b1.jpg\";roles|s:0:\"\";user_id|s:1:\"1\";expira|i:1541002767;'),('tdkuv3mjvcpj2qd58b36nf0qpml0nu4t','::1',1541167336,'__ci_last_regenerate|i:1541167336;session_id|i:66;theme|s:6:\"purple\";style_header|s:14:\"navbar-inverse\";username|s:18:\"hrbullon@gmail.com\";profile|s:58:\"uploads/users-profile/e5b5ab6333c7a4e63ebf6a0047971f14.jpg\";roles|s:0:\"\";user_id|s:1:\"1\";expira|i:1541170327;'),('tes7dahpahlnrtvg9ncm8h56udquq4l0','::1',1541095778,'__ci_last_regenerate|i:1541095778;session_id|i:60;theme|s:6:\"orange\";style_header|s:14:\"navbar-default\";username|s:18:\"hrbullon@gmail.com\";profile|s:66:\"uploads/users-profile/4f00a833ae3d3f76fc98089dc711b1592deed4b1.jpg\";roles|s:0:\"\";user_id|s:1:\"1\";expira|i:1541102250;'),('thh091fmfslkaond5tmlhpuf7if33pa0','::1',1541431559,'__ci_last_regenerate|i:1541431559;session_id|i:70;company|s:1:\"1\";theme|s:3:\"red\";style_header|s:14:\"navbar-inverse\";username|s:18:\"hrbullon@gmail.com\";profile|s:58:\"uploads/users-profile/e5b5ab6333c7a4e63ebf6a0047971f14.jpg\";roles|s:0:\"\";user_id|s:1:\"1\";expira|i:1541434959;'),('tj65lei1gh9vs2himslq4tgpmcusavcv','::1',1540996476,'__ci_last_regenerate|i:1540996476;session_id|i:40;username|s:18:\"hrbullon@gmail.com\";profile|s:66:\"uploads/users-profile/4f00a833ae3d3f76fc98089dc711b1592deed4b1.jpg\";roles|s:1:\",\";user_id|s:1:\"1\";expira|i:1541000755;'),('tlssaqro4h1l0qc1ta3nbktbat8p4qbh','::1',1540299947,'__ci_last_regenerate|i:1540299947;session_id|i:18;username|s:18:\"hrbullon@gmail.com\";profile|s:66:\"uploads/users-profile/4f00a833ae3d3f76fc98089dc711b1592deed4b1.jpg\";roles|s:0:\"\";user_id|s:1:\"1\";expira|i:1540306848;'),('tod62qfn1s5uvh9pn5juevtqf90qf0og','::1',1541086327,'__ci_last_regenerate|i:1541086327;session_id|i:56;theme|s:4:\"blue\";username|s:18:\"hrbullon@gmail.com\";profile|s:66:\"uploads/users-profile/4f00a833ae3d3f76fc98089dc711b1592deed4b1.jpg\";roles|s:0:\"\";user_id|s:1:\"1\";expira|i:1541086138;'),('u00pri7h8t9l7d2u4uv73aasmfl361da','::1',1541168730,'__ci_last_regenerate|i:1541168730;session_id|i:66;theme|s:6:\"purple\";style_header|s:14:\"navbar-inverse\";username|s:18:\"hrbullon@gmail.com\";profile|s:58:\"uploads/users-profile/e5b5ab6333c7a4e63ebf6a0047971f14.jpg\";roles|s:0:\"\";user_id|s:1:\"1\";expira|i:1541170327;'),('u1nvt9kmjkesgiqqldr6bf4ehrgcuqr7','::1',1541106645,'__ci_last_regenerate|i:1541106645;session_id|i:64;theme|s:6:\"orange\";style_header|s:14:\"navbar-default\";username|s:18:\"hrbullon@gmail.com\";profile|s:58:\"uploads/users-profile/e5b5ab6333c7a4e63ebf6a0047971f14.jpg\";roles|s:0:\"\";user_id|s:1:\"1\";expira|i:1541107531;'),('u451ntcf65ruokgbitd58kemopctvqe0','::1',1541016115,'__ci_last_regenerate|i:1541016115;session_id|i:42;username|s:18:\"hrbullon@gmail.com\";profile|s:66:\"uploads/users-profile/4f00a833ae3d3f76fc98089dc711b1592deed4b1.jpg\";roles|s:0:\"\";user_id|s:1:\"1\";expira|i:1541007858;'),('u7t1smstfjd9p2fgrkp5dglkuakmeua0','::1',1540563118,'__ci_last_regenerate|i:1540563118;session_id|i:28;username|s:18:\"hrbullon@gmail.com\";profile|s:66:\"uploads/users-profile/4f00a833ae3d3f76fc98089dc711b1592deed4b1.jpg\";roles|s:0:\"\";user_id|s:1:\"1\";expira|i:1540563749;'),('uc8fes6bek0gakbhcmetsucu8f84ghpe','::1',1540587049,'__ci_last_regenerate|i:1540586945;session_id|i:31;username|s:18:\"hrbullon@gmail.com\";profile|s:66:\"uploads/users-profile/4f00a833ae3d3f76fc98089dc711b1592deed4b1.jpg\";roles|s:0:\"\";user_id|s:1:\"1\";expira|i:1540594176;'),('urtvpho8qcng1rgll30j6pmidmtgnktm','::1',1541168424,'__ci_last_regenerate|i:1541168424;session_id|i:66;theme|s:6:\"purple\";style_header|s:14:\"navbar-inverse\";username|s:18:\"hrbullon@gmail.com\";profile|s:58:\"uploads/users-profile/e5b5ab6333c7a4e63ebf6a0047971f14.jpg\";roles|s:0:\"\";user_id|s:1:\"1\";expira|i:1541170327;'),('uvf7i6a6km8coh92lpier8dgmsplphf1','::1',1539970758,'__ci_last_regenerate|i:1539970758;session_id|i:15;username|s:18:\"hrbullon@gmail.com\";profile|s:66:\"uploads/users-profile/f0318ddb1e1ef44ce2d72501318d391cfcdf2dc2.jpg\";roles|s:0:\"\";user_id|s:1:\"1\";expira|i:1539976062;'),('v0k51ccn97rar1usm9pl5893d4niku56','::1',1541011809,'__ci_last_regenerate|i:1541011809;session_id|i:42;username|s:18:\"hrbullon@gmail.com\";profile|s:66:\"uploads/users-profile/4f00a833ae3d3f76fc98089dc711b1592deed4b1.jpg\";roles|s:0:\"\";user_id|s:1:\"1\";expira|i:1541007858;'),('v1d5mhrb26r3isirrqrk0t49gfeglqjk','::1',1540833997,'__ci_last_regenerate|i:1540833997;session_id|i:35;username|s:18:\"hrbullon@gmail.com\";profile|s:66:\"uploads/users-profile/4f00a833ae3d3f76fc98089dc711b1592deed4b1.jpg\";roles|s:1:\",\";user_id|s:1:\"1\";expira|i:1540835447;'),('v3fdmqc950l108ksulvhv4340c9ans3b','::1',1541191018,'__ci_last_regenerate|i:1541191018;session_id|i:67;company|i:1;theme|s:3:\"red\";style_header|s:14:\"navbar-inverse\";username|s:18:\"hrbullon@gmail.com\";profile|s:58:\"uploads/users-profile/e5b5ab6333c7a4e63ebf6a0047971f14.jpg\";roles|s:0:\"\";user_id|s:1:\"1\";expira|i:1541193513;'),('v5cdq64ad8l2so3eciq60e0iequbvcbc','::1',1541106991,'__ci_last_regenerate|i:1541106645;session_id|i:64;theme|s:6:\"orange\";style_header|s:14:\"navbar-default\";username|s:18:\"hrbullon@gmail.com\";profile|s:58:\"uploads/users-profile/e5b5ab6333c7a4e63ebf6a0047971f14.jpg\";roles|s:0:\"\";user_id|s:1:\"1\";expira|i:1541107531;'),('v9f541dihluihaijmik47emjtbukp5pk','::1',1540498162,'__ci_last_regenerate|i:1540498162;session_id|i:22;username|s:18:\"hrbullon@gmail.com\";profile|s:66:\"uploads/users-profile/4f00a833ae3d3f76fc98089dc711b1592deed4b1.jpg\";roles|s:0:\"\";user_id|s:1:\"1\";expira|i:1540504282;'),('vk8al5qtgbne8hc7houlqpgufg83ocuj','::1',1541101487,'__ci_last_regenerate|i:1541101487;session_id|i:64;theme|s:6:\"orange\";style_header|s:14:\"navbar-default\";username|s:18:\"hrbullon@gmail.com\";profile|s:58:\"uploads/users-profile/e5b5ab6333c7a4e63ebf6a0047971f14.jpg\";roles|s:0:\"\";user_id|s:1:\"1\";expira|i:1541107531;'),('vm2f9gdugaagm6ggfsa3icscb590epbl','::1',1540836396,'__ci_last_regenerate|i:1540836396;session_id|i:35;username|s:18:\"hrbullon@gmail.com\";profile|s:66:\"uploads/users-profile/4f00a833ae3d3f76fc98089dc711b1592deed4b1.jpg\";roles|s:1:\",\";user_id|s:1:\"1\";expira|i:1540835447;'),('vpcvubleg6kavmluka319kr5s68aqvt4','::1',1540847305,'__ci_last_regenerate|i:1540847026;session_id|i:37;username|s:18:\"hrbullon@gmail.com\";profile|s:66:\"uploads/users-profile/4f00a833ae3d3f76fc98089dc711b1592deed4b1.jpg\";roles|s:1:\",\";user_id|s:1:\"1\";expira|i:1540847222;');

/*Table structure for table `auth_user_permissions` */

DROP TABLE IF EXISTS `auth_user_permissions`;

CREATE TABLE `auth_user_permissions` (
  `user` int(11) NOT NULL COMMENT 'Id of user relation with users table',
  `permission` int(11) NOT NULL COMMENT 'Id of permission relation with permissions table',
  `state` int(11) NOT NULL COMMENT 'State of permission for user',
  PRIMARY KEY (`user`,`permission`),
  KEY `permission` (`permission`),
  CONSTRAINT `auth_user_permissions_ibfk_1` FOREIGN KEY (`user`) REFERENCES `auth_permissions` (`id`) ON DELETE CASCADE ON UPDATE CASCADE,
  CONSTRAINT `auth_user_permissions_ibfk_2` FOREIGN KEY (`permission`) REFERENCES `auth_users` (`id`) ON DELETE CASCADE ON UPDATE CASCADE
) ENGINE=InnoDB DEFAULT CHARSET=utf8;

/*Data for the table `auth_user_permissions` */

/*Table structure for table `auth_user_roles` */

DROP TABLE IF EXISTS `auth_user_roles`;

CREATE TABLE `auth_user_roles` (
  `user` int(11) NOT NULL COMMENT 'Id of user relation with users table',
  `role` int(11) NOT NULL COMMENT 'Id of role relation with roles table',
  `deleted` int(11) DEFAULT NULL,
  PRIMARY KEY (`user`,`role`),
  KEY `role` (`role`),
  CONSTRAINT `auth_user_roles_ibfk_1` FOREIGN KEY (`user`) REFERENCES `auth_users` (`id`) ON DELETE CASCADE ON UPDATE CASCADE,
  CONSTRAINT `auth_user_roles_ibfk_2` FOREIGN KEY (`role`) REFERENCES `auth_roles` (`id`) ON DELETE CASCADE ON UPDATE CASCADE
) ENGINE=InnoDB DEFAULT CHARSET=utf8;

/*Data for the table `auth_user_roles` */

insert  into `auth_user_roles`(`user`,`role`,`deleted`) values (1,1,0),(1,23,1),(23,4,1),(23,23,0);

/*Table structure for table `auth_users` */

DROP TABLE IF EXISTS `auth_users`;

CREATE TABLE `auth_users` (
  `id` int(11) NOT NULL AUTO_INCREMENT,
  `profile` varchar(300) DEFAULT NULL,
  `username` varchar(50) NOT NULL,
  `password` varchar(300) NOT NULL,
  `theme` varchar(45) DEFAULT NULL,
  `style_header` varchar(15) DEFAULT NULL,
  `state` tinyint(1) NOT NULL,
  `deleted` int(11) DEFAULT NULL,
  PRIMARY KEY (`id`)
) ENGINE=InnoDB AUTO_INCREMENT=24 DEFAULT CHARSET=utf8;

/*Data for the table `auth_users` */

insert  into `auth_users`(`id`,`profile`,`username`,`password`,`theme`,`style_header`,`state`,`deleted`) values (1,'uploads/users-profile/e5b5ab6333c7a4e63ebf6a0047971f14.jpg','hrbullon@gmail.com','$2y$10$FWL3EVeMH/R6Cgx9BcSSI.UsPKmOrH0L6cWwjb8FL6kqsJ19cVzeS','','navbar-default',1,0),(23,NULL,'hadersonbullon@hotmail.com','$2y$10$FWL3EVeMH/R6Cgx9BcSSI.UsPKmOrH0L6cWwjb8FL6kqsJ19cVzeS','default','navbar-inverse',1,0);

/*Table structure for table `coins` */

DROP TABLE IF EXISTS `coins`;

CREATE TABLE `coins` (
  `id` int(11) NOT NULL AUTO_INCREMENT,
  `name` varchar(100) NOT NULL COMMENT 'name of coin',
  `symbol` varchar(5) NOT NULL COMMENT 'symbol',
  `state` tinyint(4) NOT NULL,
  `deleted` tinyint(1) NOT NULL,
  PRIMARY KEY (`id`)
) ENGINE=InnoDB AUTO_INCREMENT=3 DEFAULT CHARSET=utf8;

/*Data for the table `coins` */

insert  into `coins`(`id`,`name`,`symbol`,`state`,`deleted`) values (1,'Bolívares Soberanos','Bs S',1,0),(2,'Dólar Americáno','$USD',1,0);

/*Table structure for table `colores` */

DROP TABLE IF EXISTS `colores`;

CREATE TABLE `colores` (
  `id` int(11) NOT NULL AUTO_INCREMENT,
  `nombre` varchar(50) NOT NULL,
  PRIMARY KEY (`id`)
) ENGINE=InnoDB AUTO_INCREMENT=4 DEFAULT CHARSET=utf8;

/*Data for the table `colores` */

insert  into `colores`(`id`,`nombre`) values (1,'Amarillo'),(2,'Azul'),(3,'Rojo');

/*Table structure for table `companies` */

DROP TABLE IF EXISTS `companies`;

CREATE TABLE `companies` (
  `id` int(11) NOT NULL AUTO_INCREMENT,
  `social` varchar(100) DEFAULT NULL,
  `fiscal` varchar(15) DEFAULT NULL,
  `email` varchar(60) DEFAULT NULL,
  `local_phone` varchar(15) DEFAULT NULL,
  `local_mobile` varchar(15) DEFAULT NULL,
  `country` int(11) DEFAULT NULL,
  `city` varchar(100) DEFAULT NULL,
  `address` varchar(250) DEFAULT NULL,
  `state` tinyint(1) DEFAULT NULL,
  `deleted` tinyint(1) DEFAULT NULL,
  PRIMARY KEY (`id`)
) ENGINE=InnoDB AUTO_INCREMENT=2 DEFAULT CHARSET=utf8;

/*Data for the table `companies` */

insert  into `companies`(`id`,`social`,`fiscal`,`email`,`local_phone`,`local_mobile`,`country`,`city`,`address`,`state`,`deleted`) values (1,'EMPRESA PRUEBA .CA','J9801298710','MAIL@MAIL.COIM','04246921446','04246921446',232,'maracaibo','65-07 b/guacaipuro',1,0);

/*Table structure for table `countries` */

DROP TABLE IF EXISTS `countries`;

CREATE TABLE `countries` (
  `id` int(11) unsigned NOT NULL AUTO_INCREMENT,
  `code` smallint(6) DEFAULT NULL,
  `iso3166a1` char(2) DEFAULT NULL,
  `iso3166a2` char(3) DEFAULT NULL,
  `name` varchar(128) DEFAULT NULL,
  `state` tinyint(1) DEFAULT NULL,
  `deleted` tinyint(1) DEFAULT NULL,
  PRIMARY KEY (`id`)
) ENGINE=InnoDB AUTO_INCREMENT=233 DEFAULT CHARSET=utf8;

/*Data for the table `countries` */

insert  into `countries`(`id`,`code`,`iso3166a1`,`iso3166a2`,`name`,`state`,`deleted`) values (52,170,'CO','COL','Colombia',1,0),(232,862,'VE','VEN','Venezuela',1,0);

/*Table structure for table `migrations` */

DROP TABLE IF EXISTS `migrations`;

CREATE TABLE `migrations` (
  `version` bigint(20) NOT NULL
) ENGINE=InnoDB DEFAULT CHARSET=utf8;

/*Data for the table `migrations` */

insert  into `migrations`(`version`) values (2);

/*Table structure for table `sessions` */

DROP TABLE IF EXISTS `sessions`;

CREATE TABLE `sessions` (
  `id` int(11) NOT NULL AUTO_INCREMENT,
  `user` int(11) NOT NULL,
  `ip_address` varchar(100) DEFAULT NULL,
  `start_time` datetime NOT NULL,
  `end_time` datetime DEFAULT NULL,
  `state` tinyint(1) NOT NULL,
  PRIMARY KEY (`id`),
  KEY `username` (`user`),
  CONSTRAINT `sessions_ibfk_1` FOREIGN KEY (`user`) REFERENCES `auth_users` (`id`) ON DELETE CASCADE ON UPDATE CASCADE
) ENGINE=InnoDB AUTO_INCREMENT=72 DEFAULT CHARSET=utf8;

/*Data for the table `sessions` */

insert  into `sessions`(`id`,`user`,`ip_address`,`start_time`,`end_time`,`state`) values (4,1,'::1','2018-10-17 22:31:48','2018-10-17 22:31:52',0),(5,1,'::1','2018-10-17 22:32:02','0000-00-00 00:00:00',0),(6,1,'::1','2018-10-18 13:46:34','2018-10-18 14:56:02',0),(7,1,'::1','2018-10-18 14:56:54','2018-10-18 14:58:41',0),(8,1,'::1','2018-10-18 14:58:46','2018-10-18 15:00:53',0),(9,1,'::1','2018-10-18 15:00:58','2018-10-18 18:50:32',0),(10,1,'::1','2018-10-18 18:50:37','2018-10-18 18:51:24',0),(11,1,'::1','2018-10-18 18:51:29','2018-10-18 19:05:32',0),(12,1,'::1','2018-10-18 19:05:37','2018-10-18 22:45:08',0),(13,1,'::1','2018-10-18 22:46:55','0000-00-00 00:00:00',0),(14,1,'::1','2018-10-19 13:42:25','0000-00-00 00:00:00',0),(15,1,'::1','2018-10-19 19:07:42','0000-00-00 00:00:00',0),(16,1,'::1','2018-10-22 15:08:12','0000-00-00 00:00:00',0),(17,1,'::1','2018-10-22 20:36:38','0000-00-00 00:00:00',0),(18,1,'::1','2018-10-23 15:00:48','2018-10-23 15:05:47',0),(19,1,'::1','2018-10-23 15:33:10','2018-10-23 15:50:38',0),(20,1,'::1','2018-10-23 15:51:26','2018-10-23 15:55:07',0),(21,1,'::1','2018-10-23 16:01:24','0000-00-00 00:00:00',0),(22,1,'::1','2018-10-25 21:51:22','0000-00-00 00:00:00',0),(23,1,'::1','2018-10-26 13:37:24','2018-10-26 14:04:13',0),(24,1,'::1','2018-10-26 14:06:11','2018-10-26 14:21:06',0),(25,1,'::1','2018-10-26 14:21:10','2018-10-26 14:21:35',0),(26,1,'::1','2018-10-26 14:21:39','2018-10-26 14:22:00',0),(27,1,'::1','2018-10-26 14:22:05','2018-10-26 14:22:17',0),(28,1,'::1','2018-10-26 14:22:29','2018-10-26 21:22:03',0),(29,1,'::1','2018-10-26 21:23:04','2018-10-26 22:29:48',0),(30,1,'::1','2018-10-26 22:29:55','2018-10-26 22:49:05',0),(31,1,'::1','2018-10-26 22:49:36','0000-00-00 00:00:00',0),(32,1,'::1','2018-10-29 13:21:36','2018-10-29 16:47:04',0),(33,1,'::1','2018-10-29 16:49:04','2018-10-29 16:49:20',0),(34,1,'::1','2018-10-29 16:49:51','2018-10-29 16:49:56',0),(35,1,'::1','2018-10-29 16:50:47','2018-10-29 20:06:10',0),(36,23,'::1','2018-10-29 20:06:17','2018-10-29 20:06:56',0),(37,1,'::1','2018-10-29 20:07:02','0000-00-00 00:00:00',0),(38,1,'::1','2018-10-30 13:39:08','0000-00-00 00:00:00',0),(39,1,'::1','2018-10-30 20:23:33','0000-00-00 00:00:00',0),(40,1,'::1','2018-10-31 14:45:55','2018-10-31 15:49:55',0),(41,1,'::1','2018-10-31 15:19:27','2018-10-31 16:36:06',0),(42,1,'::1','2018-10-31 16:44:18','2018-10-31 21:01:56',0),(43,1,'::1','2018-10-31 16:44:57','0000-00-00 00:00:00',0),(44,1,'::1','2018-10-31 16:47:01','0000-00-00 00:00:00',0),(45,1,'::1','2018-10-31 16:48:13','0000-00-00 00:00:00',0),(46,1,'::1','2018-10-31 16:48:42','0000-00-00 00:00:00',0),(47,1,'::1','2018-10-31 16:51:55','0000-00-00 00:00:00',0),(48,1,'::1','2018-10-31 16:52:26','0000-00-00 00:00:00',0),(49,1,'::1','2018-10-31 18:30:35','0000-00-00 00:00:00',0),(50,1,'::1','2018-10-31 18:33:58','0000-00-00 00:00:00',0),(51,1,'::1','2018-10-31 18:38:07','0000-00-00 00:00:00',0),(52,1,'::1','2018-10-31 18:40:53','0000-00-00 00:00:00',0),(53,1,'::1','2018-10-31 21:02:00','2018-10-31 21:02:07',0),(54,1,'::1','2018-10-31 21:02:20','2018-10-31 21:48:28',0),(55,1,'::1','2018-10-31 21:48:33','0000-00-00 00:00:00',1),(56,1,'::1','2018-11-01 14:28:58','2018-11-01 18:35:43',0),(57,1,'::1','2018-11-01 18:35:49','2018-11-01 18:56:27',0),(58,23,'::1','2018-11-01 18:56:31','2018-11-01 18:56:55',0),(59,23,'::1','2018-11-01 18:57:00','2018-11-01 18:57:24',0),(60,1,'::1','2018-11-01 18:57:30','2018-11-01 19:15:02',0),(61,1,'::1','2018-11-01 19:15:06','2018-11-01 20:14:07',0),(62,1,'::1','2018-11-01 20:14:12','2018-11-01 20:24:06',0),(63,1,'::1','2018-11-01 20:25:14','2018-11-01 20:25:22',0),(64,1,'::1','2018-11-01 20:25:31','0000-00-00 00:00:00',1),(65,1,'::1','2018-11-02 13:11:04','2018-11-02 13:51:58',0),(66,1,'::1','2018-11-02 13:52:07','2018-11-02 20:17:56',0),(67,1,'::1','2018-11-02 20:18:33','2018-11-02 22:00:24',0),(68,1,'::1','2018-11-05 13:15:59','2018-11-05 15:16:40',0),(69,1,'::1','2018-11-05 15:18:37','2018-11-05 15:22:11',0),(70,1,'::1','2018-11-05 15:22:39','2018-11-05 17:38:44',0),(71,1,'::1','2018-11-05 17:38:49','0000-00-00 00:00:00',1);

/*Table structure for table `settings` */

DROP TABLE IF EXISTS `settings`;

CREATE TABLE `settings` (
  `id` int(11) NOT NULL AUTO_INCREMENT,
  `company` int(11) DEFAULT NULL,
  `logo` varchar(250) DEFAULT NULL,
  `coin` int(11) DEFAULT NULL,
  `tax` int(11) DEFAULT NULL,
  `retention` varchar(4) DEFAULT NULL,
  `perception` varchar(4) DEFAULT NULL,
  `format_date` varchar(15) DEFAULT NULL,
  `separator` char(1) DEFAULT NULL,
  `decimals` tinyint(4) DEFAULT NULL,
  `protocolo` tinyint(4) DEFAULT NULL,
  `outserver` varchar(250) DEFAULT NULL,
  `outport` char(6) DEFAULT NULL,
  `out_username` varchar(100) DEFAULT NULL,
  `out_password` varchar(100) DEFAULT NULL,
  `out_name` varchar(50) DEFAULT NULL,
  PRIMARY KEY (`id`)
) ENGINE=InnoDB AUTO_INCREMENT=2 DEFAULT CHARSET=utf8;

/*Data for the table `settings` */

insert  into `settings`(`id`,`company`,`logo`,`coin`,`tax`,`retention`,`perception`,`format_date`,`separator`,`decimals`,`protocolo`,`outserver`,`outport`,`out_username`,`out_password`,`out_name`) values (1,1,'uploads/companies/60063365874a3663f00591da37ef3973.png',2,1,'75','75','00-00-0000',',',2,1,'mail.gruposerex.com','26','hbullon@gruposerex.com','x*g=9bbGgq','Haderson Bullón');

/*Table structure for table `taxes` */

DROP TABLE IF EXISTS `taxes`;

CREATE TABLE `taxes` (
  `id` int(11) NOT NULL AUTO_INCREMENT,
  `name` varchar(45) CHARACTER SET latin1 NOT NULL COMMENT 'name or description about tax',
  `value` tinyint(3) NOT NULL COMMENT 'value of tax',
  `state` tinyint(4) NOT NULL,
  `deleted` tinyint(1) DEFAULT NULL,
  PRIMARY KEY (`id`)
) ENGINE=InnoDB AUTO_INCREMENT=5 DEFAULT CHARSET=utf8;

/*Data for the table `taxes` */

insert  into `taxes`(`id`,`name`,`value`,`state`,`deleted`) values (1,'IVA 16%',16,0,0);

/*Table structure for table `users_companies` */

DROP TABLE IF EXISTS `users_companies`;

CREATE TABLE `users_companies` (
  `user` int(11) NOT NULL COMMENT 'Id of users table',
  `company` int(11) NOT NULL COMMENT 'Id of companies table',
  KEY `user` (`user`),
  KEY `company` (`company`),
  CONSTRAINT `users_companies_ibfk_1` FOREIGN KEY (`user`) REFERENCES `auth_users` (`id`) ON DELETE CASCADE ON UPDATE CASCADE,
  CONSTRAINT `users_companies_ibfk_2` FOREIGN KEY (`company`) REFERENCES `companies` (`id`) ON DELETE CASCADE ON UPDATE CASCADE
) ENGINE=InnoDB DEFAULT CHARSET=utf8;

/*Data for the table `users_companies` */

insert  into `users_companies`(`user`,`company`) values (1,1),(23,1);

/*!40101 SET SQL_MODE=@OLD_SQL_MODE */;
/*!40014 SET FOREIGN_KEY_CHECKS=@OLD_FOREIGN_KEY_CHECKS */;
/*!40014 SET UNIQUE_CHECKS=@OLD_UNIQUE_CHECKS */;
/*!40111 SET SQL_NOTES=@OLD_SQL_NOTES */;
